District,Zn,Fe,Cu,Mn,B,S,Latitude,Longitude,As,Hg,Se,Co,Mo,Sb,V,Tl,Pb
Anantapur,67.67,65.14,91.88,77.7,73.54,85.9,14.31206556,77.46015845,33.49,43.99,28.76,37.16,50.3,29.34,28.45,41.11,65.79
Chittoor,80.51,78.19,99.77,91.82,89.04,88.62,13.33109263,78.92763899,72.8,86.81,94.83,76.39,93.86,85.91,90.26,70.29,92.75
East Godavari,79.27,88.14,95.54,97.24,88.05,95.67,16.78271832,82.24320747,72.32,73.89,74.34,52.97,82.27,77.54,62.71,59.37,87.1
Guntur,58.3,71.16,98.86,91.4,86.15,86.81,15.88492577,80.58657614,70.7,45.09,43.84,48.28,49.08,42.95,42.17,47.97,75.19
Krishna,78.62,82.02,98.05,95.23,65.78,98.56,16.14387275,81.14805061,26.85,30.8,31.29,16.44,10.6,32.15,21.94,14.67,69.65
Kurnool,60.7,48.45,97.47,91.34,92.75,96.05,15.43759715,77.90086837,27.31,36.87,26.11,23.85,22.1,19.97,16.62,20.88,65.02
Prakasam,40.66,59.14,94.65,82.17,73.99,69.54,15.489039,80.1166579,11.11,6.7,4.32,24.9,6.26,17.11,27.79,22.86,58.0
Nellore,39.58,55.37,80.72,79.83,77.23,87.61,13.89434407,80.14702672,85.24,68.2,75.92,75.53,61.75,89.76,72.37,66.97,75.69
Srikakulam,81.05,75.77,98.85,91.31,96.76,94.45,18.570901,84.25874814,47.81,71.73,57.16,43.14,52.94,52.01,68.22,52.14,85.32
Vizianagaram,61.6,93.71,95.22,98.34,79.43,87.59,18.28329696,83.45982854,12.9,25.16,28.78,28.25,17.07,0.0,8.9,28.64,66.45
West Godavari,67.36,87.69,96.54,96.76,87.74,88.24,16.63297944,81.45912991,84.66,83.86,95.93,92.85,78.33,71.06,77.01,97.7,90.88
Changlang,0.0,100.0,66.67,100.0,54.48370288248337,100.0,27.36048479,96.37552645,41.23,54.17,38.2,42.78,59.87,41.61,49.65,50.91,64.47
East Kameng,67.76,99.8,71.78,45.95,54.48370288248337,7.96,27.37119406,93.04741486,35.96,30.54,44.39,23.03,45.17,39.79,46.83,44.81,52.43
East Siang,35.68,100.0,80.54,51.63,54.48370288248337,99.46,28.15382353,95.06499226,44.39,72.47,57.15,61.55,61.78,72.4,71.47,67.93,71.41
Kurung Kumey,76.94,100.0,82.11,93.97,0.0,21.77,28.04853352,93.24531994,23.65,38.98,43.82,36.76,38.64,46.87,29.69,39.51,54.97
Lohit,67.3,98.07,86.61,87.35,100.0,39.16,27.94678527,96.59670771,26.85,34.02,30.88,28.73,51.49,42.55,28.14,33.24,67.07
Lower Dibang Valley,48.09,99.49,91.15,75.37,54.48370288248337,69.45,28.3265173,95.76567336,62.19,54.75,39.31,56.03,49.43,48.66,61.47,31.96,71.26
Lower Subansiri,50.0,100.0,50.0,100.0,0.0,0.0,27.70849297,93.96226108,65.44,58.86,60.68,74.66,73.21,70.61,57.65,76.18,56.41
Papum Pare,63.77,91.62,84.68,50.74,0.0,15.61,27.27352972,93.54468184,43.58,49.0,59.31,56.01,58.92,38.21,45.11,47.11,52.07
Tawang,100.0,100.0,100.0,100.0,0.0,100.0,27.68068396,91.82504245,62.54,47.89,57.61,48.81,54.85,59.72,51.59,50.37,78.05
Tirap,84.0,100.0,90.67,65.88,54.48370288248337,100.0,26.9440623,95.41470328,25.19,2.48,7.34,11.49,23.32,12.01,6.29,21.63,60.69
Upper Siang,45.23,99.84,91.82,66.12,100.0,96.44,28.83092449,95.00155765,60.98,46.94,70.02,70.44,54.3,70.61,67.3,65.15,82.73
Upper Subansiri,41.8,100.0,60.58,53.48,54.48370288248337,0.26,28.27719657,93.89914356,25.26,25.69,37.77,18.87,17.5,23.05,14.15,18.58,38.76
West Kameng,93.44,100.0,80.33,91.26,54.48370288248337,1.64,27.46486582,92.6501575,15.72,12.13,29.69,16.75,21.25,7.23,22.5,26.71,54.65
West Siang,43.52,97.98,89.57,76.11,54.48370288248337,69.94,28.10629692,94.53510344,78.2,92.93,75.12,94.58,95.91,89.13,71.76,75.43,77.13
Barpeta,89.47,97.73,99.66,95.84,29.56,85.47,26.42787226,90.9791201,82.92,64.29,88.24,58.45,67.48,73.08,86.14,78.69,87.23
Bongaigaon,99.79,99.53,99.96,87.64,0.92,99.63,26.45012522,90.67342962,9.16,26.21,5.53,4.71,11.66,33.05,30.79,34.64,65.96
Cachar,89.85,99.55,99.98,99.59,0.06,99.59,24.81557067,92.8684965,70.77,52.53,50.08,67.11,78.73,72.32,65.45,53.85,81.15
Darrang,85.73,99.41,99.24,98.64,7.77,96.98,26.58463216,92.04141338,36.34,56.49,51.03,63.48,59.02,63.35,42.09,61.56,74.14
Dhemaji,99.7,99.49,99.94,87.86,3.99,98.04,27.58653344,94.71336909,23.71,20.15,15.68,16.37,22.68,9.73,27.32,3.96,66.72
Dibrugarh,97.05,98.14,99.88,90.46,4.51,99.04,27.30612284,95.09982823,43.2,42.41,37.27,31.89,18.49,25.3,43.74,33.35,72.46
Goalpara,71.28,99.6,99.97,99.68,1.41,96.49,26.01727778,90.59869892,45.61,38.19,32.48,22.52,41.63,41.2,36.87,34.26,68.17
Golaghat,97.42,99.91,99.98,99.77,0.48,99.52,26.37721971,93.82583398,42.36,62.5,60.33,43.97,56.9,55.49,60.4,45.18,78.38
Hailakandi,97.0,99.99,100.0,99.91,0.0,99.99,24.45749609,92.59154665,43.12,43.57,68.26,62.54,49.38,56.16,67.58,54.82,81.02
Jorhat,97.6,99.96,99.99,99.38,1.97,99.22,26.76244824,94.30197723,94.17,76.85,85.61,85.38,73.78,91.07,95.23,85.6,91.44
Kamrup,64.95,99.04,99.56,83.13,0.32,99.74,26.17093945,91.58863274,75.36,55.8,63.79,67.59,69.96,64.4,83.01,73.23,80.05
Karbi Anglong,96.0,99.57,99.86,99.62,3.86,93.62,26.08966455,93.1153657,74.56,92.3,81.8,68.02,84.8,80.3,72.82,63.87,84.0
Karimganj,98.64,99.78,99.95,99.24,0.08,99.88,24.69660712,92.36794986,69.03,42.14,61.65,55.0,61.66,52.12,51.01,47.75,78.3
Kokrajhar,98.82,99.79,99.97,92.38,0.89,98.5,26.49724664,90.13997471,77.58,68.67,90.74,71.35,73.67,69.2,77.75,79.66,85.07
Lakhimpur,94.14,97.49,97.61,89.17,7.87,88.81,27.14128806,94.07759493,30.0,17.51,16.47,5.35,9.27,7.44,16.62,12.74,62.31
Marigaon,88.15,99.68,99.1,96.26,0.39,96.56,26.24650047,92.21949953,13.19,10.02,17.59,31.25,19.87,29.81,6.06,15.63,61.58
Nagaon,99.68,99.69,98.98,88.74,4.43,99.8,26.26462171,92.93061911,36.27,36.71,26.48,45.9,27.23,41.84,43.53,30.51,73.17
Nalbari,90.4,99.98,100.0,99.91,0.23,99.88,26.46323768,91.40598521,35.88,26.74,48.11,52.43,48.18,29.51,31.71,33.14,71.18
Sonitpur,99.85,99.9,99.97,95.47,0.08,99.92,26.73514927,92.85197805,74.22,89.03,68.69,87.99,79.07,80.85,74.84,61.56,85.7
Tinsukia,99.93,99.9,99.97,89.28,0.77,99.9,27.53549291,95.69055949,46.61,17.62,46.78,47.59,23.71,22.14,41.77,44.33,73.27
Araria,87.7,89.78,90.04,89.83,0.02,35.91,26.21152812,87.30766555,25.34,27.27,38.86,29.85,32.43,30.36,13.01,10.22,53.11
Aurangabad,98.48,98.59,99.0,98.54,0.43,0.37,24.77429187,84.45986024,23.01,16.56,9.33,20.55,25.14,11.38,5.95,27.3,50.75
Aurangabad,98.48,98.59,99.0,98.54,0.43,0.37,20.09792288,75.32072197,73.76,85.86,76.21,77.68,95.88,70.17,82.56,93.09,74.52
Banka,0.09,0.12,0.12,0.09,0.15,0.03,24.83235564,86.86649163,83.68,69.15,82.71,67.51,79.14,70.91,67.83,56.85,22.11
Begusarai,86.9,86.13,87.39,87.07,0.03,23.12,25.54302613,86.12560144,32.17,32.38,32.76,30.39,42.3,38.87,13.63,31.26,50.88
Bhagalpur,0.15,0.0,0.17,0.16,0.16,0.16,25.27719289,87.04213814,8.99,1.53,2.65,0.0,15.02,28.12,6.72,23.07,0.0
Bhojpur,95.72,93.84,99.26,97.19,1.79,2.25,25.50666439,84.49407803,61.95,57.91,71.6,76.45,72.54,74.83,88.12,74.52,74.15
Buxar,0.0,0.04,0.07,0.07,0.07,0.07,25.48593019,84.08808082,74.38,58.65,69.09,79.7,61.94,65.35,80.02,68.68,24.65
Darbhanga,96.83,97.1,98.13,95.52,2.8,19.4,26.14618772,85.97387352,70.59,72.78,53.97,56.63,55.84,53.68,62.7,64.45,70.05
Gaya,99.71,99.51,99.75,99.65,2.28,2.86,24.72665415,84.94291218,70.98,60.07,82.27,78.53,71.94,71.1,56.08,69.75,69.68
Gopalganj,58.95,94.74,100.0,96.84,64.21,84.21,26.44874364,84.34636127,31.35,23.42,28.25,31.08,11.96,15.21,8.8,3.05,65.34
Jamui,95.22,88.07,99.28,98.27,0.85,0.21,24.7841838,86.26316298,48.82,53.74,39.87,53.02,52.69,42.91,36.55,42.88,59.46
Jehanabad,91.22,97.13,99.18,96.17,2.68,0.03,25.15567905,84.92081245,11.34,8.23,36.49,35.77,24.52,18.54,36.13,7.6,56.67
Katihar,94.15,92.85,94.45,94.0,0.3,5.18,25.56565356,87.70466084,51.34,56.75,74.54,73.46,54.39,46.3,67.85,51.5,67.75
Khagaria,34.38,32.81,96.88,35.09,91.07,39.29,25.53558891,86.56593256,45.42,48.52,42.95,45.18,23.69,31.87,25.58,37.9,49.81
Kishanganj,69.11,99.59,95.93,83.27,54.07,11.79,26.32433676,87.95045007,3.85,7.01,22.15,7.01,3.59,5.69,33.31,5.35,57.1
Lakhisarai,3.04,4.22,6.39,6.94,3.12,7.04,25.18344932,86.12825701,38.56,41.51,25.67,34.97,33.76,26.14,32.71,41.01,13.13
Madhepura,26.42,53.34,55.18,53.72,0.12,8.44,25.77341929,86.8978444,45.58,47.15,49.28,43.55,24.29,52.26,46.17,45.29,37.89
Madhubani,96.86,92.36,98.37,94.68,7.96,14.22,26.41380538,86.1632836,78.61,80.38,64.86,58.46,69.96,64.82,62.44,55.25,70.08
Munger,6.43,5.85,6.45,6.43,0.03,0.03,25.19853796,86.54173673,55.29,65.35,49.69,64.0,71.76,60.86,64.62,46.63,22.43
Muzaffarpur,83.3,95.18,99.34,92.08,0.15,0.21,26.18664417,85.32745092,88.38,77.9,63.43,83.09,90.02,89.57,69.35,66.27,69.43
Nalanda,17.52,23.06,31.45,18.84,6.11,24.58,25.22934551,85.48053114,36.04,51.05,49.99,36.97,52.83,63.2,37.21,58.67,26.03
Nawada,97.25,98.45,99.66,99.38,0.41,0.52,24.82570884,85.61594569,33.2,32.91,22.91,23.71,13.25,24.82,36.1,21.84,58.05
Pashchim Champaran,66.0,80.76,81.41,72.56,0.37,0.16,27.16064352,84.30265912,54.14,67.35,72.84,73.63,76.72,75.04,79.36,63.54,60.77
Patna,83.1,87.06,94.84,85.05,4.08,5.63,25.40297115,85.31984336,65.98,53.9,81.74,68.6,80.91,63.47,81.92,55.78,68.86
Purnia,35.58,97.87,98.07,83.59,0.84,0.63,25.81714802,87.40447607,59.04,75.37,77.49,54.05,77.02,66.55,80.18,80.35,62.02
Rohtas,1.05,2.19,2.34,2.2,1.86,1.62,24.99170461,83.93507627,41.3,54.48,39.86,44.62,42.85,54.77,36.37,58.73,12.62
Saharsa,0.13,0.32,0.34,0.28,0.18,5.96,25.8212707,86.5467082,58.73,42.14,63.14,64.5,60.97,57.17,46.89,54.55,16.66
Samastipur,3.67,4.28,4.34,4.26,2.23,24.84,25.79320556,85.94833323,51.72,49.05,54.86,35.76,60.07,38.89,39.19,30.3,17.32
Saran,93.31,94.77,98.84,99.71,74.13,94.19,25.89656078,84.82266287,19.95,11.02,16.37,18.98,0.76,4.04,19.6,1.93,73.07
Sheikhpura,0.25,0.27,0.5,0.43,0.21,0.14,25.12472437,85.77839391,27.61,25.21,27.81,12.15,33.69,25.49,16.88,6.0,4.25
Sheohar,0.11,0.23,0.0,0.11,0.23,0.11,26.45838075,85.29539412,17.33,2.43,9.68,9.66,19.6,4.34,4.68,6.91,0.44
Sitamarhi,98.35,99.85,99.9,99.9,0.83,0.93,26.5657007,85.61172491,52.4,64.45,59.34,70.39,74.54,62.23,63.55,47.54,69.08
Siwan,34.69,53.06,97.96,63.83,57.14,91.84,26.1736372,84.33766553,31.84,51.42,46.57,43.09,35.3,42.38,46.6,27.78,62.24
Supaul,53.92,49.26,98.28,61.1,67.89,88.48,26.28157894,86.78496465,40.89,35.81,49.52,37.53,61.34,56.71,47.34,45.93,65.31
Vaishali,0.11,0.12,0.3,0.17,0.18,0.27,25.81347032,85.39247597,92.57,94.51,75.82,77.15,66.01,87.34,68.97,92.72,23.48
Balrampur,88.95,98.74,99.88,97.88,82.22,96.2,27.44907654,82.47158326,67.62,77.16,63.87,73.32,83.28,75.56,63.01,74.25,90.5
Bastar,36.75,90.97,92.5,95.56,21.93,18.83,19.39386675,81.52895127,44.29,31.49,19.84,17.77,40.0,33.87,34.86,16.86,53.25
Bijapur,97.25,96.47,98.79,90.82,88.09,94.71,16.84015317,75.95909167,37.52,45.78,44.9,30.95,48.21,19.91,41.05,26.45,81.35
Bilaspur,74.54,96.48,98.45,93.32,86.97,88.01,22.35694298,81.99770351,25.65,21.36,12.54,37.82,12.35,18.6,21.03,28.37,72.77
Bilaspur,74.54,96.48,98.45,93.32,86.97,88.01,31.37804229,76.65316079,84.96,75.69,73.74,96.4,77.67,79.33,92.42,75.48,95.75
Dantewada,39.61,89.64,92.59,95.23,88.53,47.49,18.65385409,81.0720012,57.65,77.43,61.66,57.89,59.04,75.88,63.88,87.15,75.45
Dhamtari,64.33,98.73,99.75,99.32,69.54,26.57,20.55491263,81.75691955,71.46,68.93,55.24,67.45,50.64,70.4,59.31,51.28,76.06
Durg,68.84,84.13,99.58,97.55,63.75,54.74,21.19446385,81.3318164,90.68,85.07,76.06,72.73,68.56,67.45,87.38,69.27,84.92
Janjgir-Champa,39.6,82.05,95.02,94.06,48.95,88.32,21.96109375,82.80495409,33.43,24.21,31.76,34.52,19.89,41.46,14.94,11.03,60.87
Jashpur,31.08,64.91,93.67,91.81,74.86,39.35,22.77286168,83.87039621,91.91,88.4,82.99,91.34,66.12,66.25,91.55,83.94,77.98
Kanker,12.1,98.47,99.09,99.21,57.79,95.51,20.13946129,81.06913081,61.78,73.52,83.65,74.46,61.36,74.87,78.96,82.01,81.17
Korba,16.74,87.46,96.15,92.08,84.69,38.97,22.4917125,82.57604327,40.21,30.43,51.81,45.18,44.71,23.85,42.95,50.43,64.17
Mahasamund,77.75,98.64,99.74,99.7,94.72,60.79,21.22372704,82.65925427,37.68,26.05,18.28,31.61,28.22,17.91,16.29,39.03,71.36
Raigarh,67.77,99.22,98.38,98.72,97.08,35.89,22.00826507,83.27797699,74.94,74.42,82.7,67.85,70.79,67.83,73.53,63.76,84.55
Raigarh,67.77,99.22,98.38,98.72,97.08,35.89,18.45325764,73.00906094,2.2,4.69,0.16,3.8,7.77,18.33,0.73,17.4,60.12
Raipur,65.03,98.28,99.73,99.71,78.16,83.21,20.88603154,82.2003276,66.02,46.2,40.72,63.38,42.39,60.56,40.09,64.83,79.37
Surguja,50.76,82.93,95.11,99.05,72.22,83.18,23.32719279,83.23582494,49.82,42.72,31.2,23.25,43.49,30.42,22.84,32.66,67.2
North Goa,65.2,99.51,100.0,94.79,29.02,57.75,15.54872342,73.80667998,83.04,85.86,87.41,67.49,68.61,76.11,82.67,91.65,80.72
South Goa,85.02,99.66,97.98,98.98,45.9,20.9,15.19527866,73.9417926,40.11,35.18,43.22,26.45,28.06,40.55,25.47,42.24,63.29
Ahmadabad,72.52,82.68,95.38,94.01,40.49,86.34,22.60542556,72.23898136,48.4,46.99,51.96,62.36,60.88,63.58,45.75,49.04,73.36
Amreli,62.5,55.13,88.42,88.35,38.23,83.34,21.04832649,71.43457638,51.13,75.84,59.04,57.61,53.75,74.22,78.87,49.89,73.55
Anand,63.79,72.95,98.15,98.04,59.01,87.92,22.28271821,72.57782052,35.1,39.93,31.04,53.61,35.1,42.55,29.67,36.62,69.31
Banas Kantha,83.48,67.8,95.33,99.7,68.68,86.04,24.25853897,71.93205253,68.48,68.62,78.17,81.42,72.88,79.29,75.35,96.31,85.99
Bharuch,62.44,81.53,93.67,99.64,63.43,71.56,21.75787276,72.67326347,26.9,26.05,36.64,33.86,18.88,36.21,39.68,35.12,68.89
Bhavnagar,51.38,57.63,91.79,96.95,30.24,70.07,21.7021939,72.16272633,46.8,45.41,63.77,49.86,49.24,48.64,51.69,42.83,64.69
Dahod,47.54,73.8,99.31,95.87,76.24,60.87,22.89799225,73.99170613,11.63,16.24,25.02,11.04,25.62,17.99,17.26,29.71,59.54
Gandhinagar,91.68,93.95,98.05,99.86,94.66,61.0,23.19367979,72.6722168,15.98,26.11,29.84,28.95,17.41,2.46,30.38,11.46,74.09
Jamnagar,70.47,90.2,98.82,93.64,40.45,85.63,22.41060041,69.62062006,78.45,93.88,82.25,88.18,83.51,65.81,76.58,83.99,84.45
Junagadh,30.26,61.46,77.23,74.79,2.1,99.58,20.72568199,70.8398564,20.02,14.98,18.65,29.73,23.92,39.2,39.35,36.51,52.32
Junagadh,30.26,61.46,77.23,74.79,2.1,99.58,20.92952301,70.5473389,14.22,13.61,22.25,23.45,23.67,30.33,19.08,15.58,47.31
Kachchh,66.26,44.82,86.88,75.77,1.66,97.09,23.48057203,68.82192301,49.35,33.12,48.14,39.54,36.18,43.88,63.89,42.34,63.33
Kheda,65.87,81.8,94.29,99.74,61.5,40.66,22.88765313,73.01880352,83.05,89.93,97.55,87.94,84.04,90.6,93.84,72.86,84.23
Mahesana,95.36,62.78,99.04,99.54,24.49,98.45,23.52935545,72.45545194,44.25,42.88,32.57,20.85,25.11,27.91,34.41,34.85,68.73
Narmada,66.12,93.77,99.72,99.75,88.52,85.75,21.70666386,73.68403209,35.15,16.19,18.51,21.18,28.29,28.1,23.36,41.22,72.47
Navsari,80.39,90.45,96.39,98.72,77.48,69.29,20.86697332,72.8618487,51.67,79.96,64.59,52.86,65.25,79.92,66.2,77.94,82.86
Panch Mahals,45.49,81.67,84.29,99.76,78.73,19.63,22.80435607,73.61984598,45.61,34.97,25.96,26.4,47.26,32.57,32.03,37.58,59.95
Patan,90.69,63.28,98.07,99.45,79.44,67.87,23.80634198,71.75162977,49.81,46.62,67.51,72.98,61.87,47.74,67.9,57.33,82.26
Porbandar,44.1,29.26,90.14,57.15,34.19,74.87,21.55092352,69.71896988,74.23,58.81,73.21,59.53,64.83,62.21,73.51,45.45,62.99
Rajkot,52.45,64.98,94.49,98.94,10.34,67.24,22.40603378,70.83679439,41.86,44.41,45.88,49.33,61.13,67.01,50.66,56.91,63.01
Sabar Kantha,82.52,90.19,90.92,99.61,59.09,88.17,23.71803595,73.1363879,17.64,12.34,31.17,29.24,31.32,16.33,15.14,28.85,67.56
Surat,81.17,85.54,98.07,99.59,41.85,89.64,21.25761373,72.93488716,61.72,68.09,68.4,84.57,68.56,60.67,89.77,65.52,87.96
Surendranagar,82.03,56.06,92.83,96.52,19.64,89.99,22.82672007,71.48358741,52.54,45.73,49.86,31.17,38.04,31.89,35.43,33.3,64.93
Vadodara,66.5,91.05,96.94,99.21,92.01,80.05,22.26133739,73.4943301,19.65,9.55,25.83,24.37,31.67,6.05,11.78,26.98,68.42
Valsad,57.58,97.85,92.41,99.13,73.1,87.79,20.44238232,72.91485848,43.34,59.6,41.7,61.02,68.63,61.39,70.06,47.54,82.67
Ambala,72.88,77.74,93.46,30.2,65.71,76.54,30.35036723,76.94970311,70.88,69.3,77.87,51.66,58.85,78.2,65.73,63.54,71.7
Bhiwani,45.72,43.1,93.0,44.05,56.88,89.85,28.72886806,76.02110226,5.91,6.54,21.58,25.87,5.24,13.27,22.93,3.75,51.0
Faridabad,98.14,97.29,100.0,98.96,100.0,99.91,28.1487311,77.32718537,63.42,47.57,44.91,51.64,50.46,46.26,61.15,37.31,91.71
Fatehabad,66.22,32.78,94.65,37.76,68.55,89.88,29.57298319,75.54608717,21.06,17.3,40.33,22.72,37.49,26.94,25.21,41.7,54.74
Gurgaon,78.53,78.73,94.55,74.95,36.91,94.29,28.04389479,77.0193513,51.14,50.11,54.02,57.83,60.26,48.51,59.07,69.59,74.38
Hisar,69.12,43.55,97.54,70.92,70.44,97.31,29.23628731,75.84324683,12.02,31.07,37.84,11.25,25.67,38.09,37.32,33.14,63.56
Jhajjar,59.61,60.73,93.92,60.81,40.16,90.49,28.59651868,76.61137143,63.22,53.48,52.07,51.9,74.33,61.11,60.23,48.82,68.45
Jind,72.28,82.34,98.8,67.59,42.83,91.78,29.45149822,76.29598576,43.92,41.82,48.21,49.53,37.37,38.15,51.31,51.34,71.31
Kaithal,61.93,58.42,98.94,26.62,52.0,88.85,29.96068539,76.3769893,68.51,88.24,83.73,65.91,92.89,86.56,96.62,79.07,75.66
Karnal,89.55,85.35,98.13,72.54,59.71,95.61,29.70320065,76.87488026,32.3,10.23,10.66,20.39,20.63,21.76,27.5,17.34,68.87
Kurukshetra,86.17,85.56,98.45,59.29,65.96,91.62,30.0565266,76.7877468,37.13,39.77,30.29,38.6,33.0,42.93,46.28,38.7,72.96
Mahendragarh,68.6,32.14,95.04,82.33,47.59,83.19,28.13521615,76.14018073,22.74,13.19,6.23,7.33,20.33,8.22,31.45,7.71,56.94
Panchkula,93.87,95.04,99.23,80.65,34.54,97.1,30.70089714,76.97173238,34.37,41.14,35.37,25.7,22.86,36.91,18.37,21.31,67.75
Panipat,69.93,83.33,98.96,65.86,66.15,96.68,29.34352134,76.92895915,51.12,62.82,55.6,55.13,75.6,75.58,59.16,50.91,77.34
Rewari,78.99,71.13,94.85,72.25,57.65,96.02,28.19164715,76.55956008,63.41,58.44,67.31,64.35,62.95,62.12,79.36,62.31,81.5
Rohtak,43.19,62.44,93.61,57.42,47.85,84.81,28.89251765,76.53123235,65.43,57.65,61.91,38.02,56.05,53.19,52.94,39.08,64.13
Sirsa,69.43,41.44,94.54,54.04,69.78,94.47,29.63583446,74.9097048,66.19,65.82,38.12,58.86,54.53,55.19,60.46,53.85,71.0
Bilaspur,67.45,92.95,99.71,84.7,99.83,99.77,22.35694298,81.99770351,83.6,90.82,84.82,83.71,70.47,73.73,69.91,63.97,91.07
Bilaspur,67.45,92.95,99.71,84.7,99.83,99.77,31.37804229,76.65316079,76.52,70.41,82.7,86.41,80.73,67.41,87.9,80.62,94.7
Chamba,96.97,87.88,100.0,100.0,100.0,66.67,32.66741815,76.39354063,45.12,50.16,72.36,70.16,55.63,56.2,61.71,68.68,87.21
Hamirpur,92.8,86.04,90.88,89.18,96.23,87.97,31.67668481,76.49767089,27.74,40.98,28.35,35.33,43.22,27.74,29.19,31.64,75.58
Hamirpur,92.8,86.04,90.88,89.18,96.23,87.97,25.73815838,79.8261948,45.89,35.44,25.76,32.34,27.81,46.18,32.71,33.14,77.0
Kangra,98.35,89.1,98.51,97.77,95.98,75.26,32.14093603,76.41205911,71.58,76.79,58.66,60.63,68.58,57.28,74.97,68.52,91.13
Kinnaur,93.49,71.97,99.89,64.48,100.0,99.23,31.60667184,78.51613736,64.42,91.35,88.8,85.25,69.07,65.05,79.24,71.04,90.34
Kullu,87.49,84.62,97.37,79.66,90.31,91.07,31.90911922,77.40922649,69.75,73.36,64.12,87.77,71.23,79.63,70.1,62.53,88.72
Lahul And Spiti,92.09,88.79,99.06,75.76,97.0,91.71,32.51717031,77.62470977,62.21,61.81,73.46,60.09,61.57,73.16,85.85,76.82,91.88
Mandi,83.11,99.64,98.42,75.93,17.5,98.3,31.63580594,76.96556931,65.86,68.72,76.28,55.91,50.41,71.71,67.71,63.28,79.02
Shimla,95.02,97.16,98.23,89.73,72.73,37.5,31.15572545,77.62573042,4.92,11.6,30.63,31.63,29.74,22.06,34.08,20.88,68.62
Sirmaur,94.9,95.15,96.93,80.02,100.0,54.55,30.68276445,77.4318469,13.19,34.55,25.83,34.33,18.63,20.52,23.1,31.64,70.66
Solan,75.69,94.88,96.61,47.35,77.78,99.81,31.03864312,76.94442141,88.54,76.42,65.88,93.86,92.2,88.22,79.11,83.67,87.33
Una,88.79,68.01,91.46,42.69,100.0,100.0,31.58330388,76.18353932,47.93,62.55,68.48,65.27,72.26,58.86,70.84,47.54,81.53
Doda,31.75,86.21,92.88,81.78,66.67,93.93,33.35961468,76.0716372,32.34,13.87,30.42,26.09,21.09,18.94,13.46,35.22,60.56
Jammu,91.96,97.78,97.45,54.03,76.19,83.6,32.7131991,74.84775204,74.42,75.0,76.29,53.2,65.66,53.02,48.88,67.02,78.75
Kathua,88.11,78.63,93.87,88.95,62.26,79.09,32.51781678,75.58901399,58.05,51.69,63.67,69.42,71.71,58.84,47.13,50.16,77.11
Pulwama,37.58,29.67,41.47,15.36,99.84,4.72,33.88414419,75.0092186,53.0,69.09,77.02,70.76,59.13,70.47,70.25,75.86,49.56
Rajauri,82.93,5.85,38.61,39.6,93.83,88.24,33.27232199,74.40776879,48.19,52.0,64.44,54.14,72.42,70.93,50.55,66.27,59.01
Srinagar,75.98,74.73,98.74,43.01,64.29,33.33,34.27312899,75.11021159,38.08,28.16,43.28,40.13,49.38,49.04,55.63,32.49,63.27
Udhampur,58.96,59.84,71.8,59.94,6.5,57.05,33.04770671,75.15286951,45.25,38.19,39.2,28.26,36.78,25.91,35.37,36.08,48.96
Bokaro,74.39,96.4,97.84,98.74,48.27,79.44,23.6814965,85.98398374,41.37,27.48,22.97,44.3,39.05,44.93,26.49,24.3,70.17
Chatra,44.9,96.63,76.61,97.58,85.6,65.34,24.11619946,84.93295805,79.73,82.07,85.52,94.4,73.57,72.61,90.09,98.02,86.21
Deoghar,75.0,100.0,62.5,100.0,37.5,100.0,24.33070101,86.75697632,34.9,48.36,29.79,47.86,40.85,53.74,28.91,26.45,68.28
Dhanbad,96.34,98.38,99.51,99.35,92.8,94.55,23.85450909,86.40372925,75.01,84.44,75.51,84.93,73.85,92.94,91.95,80.19,100.0
Dumka,97.02,98.01,100.0,97.9,53.63,99.75,24.27500613,87.2766245,62.53,74.58,59.47,57.94,46.85,49.4,48.12,48.13,83.56
Garhwa,57.22,56.33,90.44,83.07,64.69,72.68,24.08211469,83.68664266,54.22,37.13,64.56,55.8,63.18,35.83,60.57,38.97,70.52
Giridih,55.83,94.21,84.46,94.65,93.63,25.28,24.3057851,86.08710916,52.96,62.13,59.02,62.31,41.24,52.54,59.18,46.25,73.47
Godda,97.19,98.56,99.01,85.86,93.4,89.53,24.8189,87.29417355,51.24,51.32,57.29,60.28,42.89,49.84,46.51,48.18,84.87
Gumla,84.1,96.9,97.17,93.77,69.01,70.85,23.07853295,84.55056787,25.96,19.78,27.84,20.17,18.63,30.23,27.04,39.51,70.13
Jamtara,57.43,96.26,98.46,98.93,57.69,82.54,23.97873318,86.9532508,48.12,20.15,20.44,23.97,46.64,39.29,29.16,21.68,69.37
Koderma,61.88,96.17,100.0,99.62,75.48,91.2,24.55671943,85.71690919,49.59,50.42,56.57,55.06,59.48,70.04,48.19,59.64,80.21
Latehar,96.55,100.0,100.0,100.0,95.65,48.22,23.72511186,84.48298743,38.08,19.99,25.43,40.83,34.5,40.38,35.27,38.12,77.3
Lohardaga,80.02,85.74,89.05,76.27,80.09,48.69,23.48879604,84.66051691,81.88,73.31,68.4,92.92,71.27,67.07,93.95,70.18,85.87
Pakur,95.19,89.29,99.89,92.36,47.47,86.32,24.57260428,87.69691969,95.52,78.38,72.37,89.06,82.59,97.79,73.96,86.83,88.67
Palamu,87.82,98.78,97.13,54.44,91.23,93.67,24.19692597,84.20310843,89.73,66.51,73.8,87.0,77.97,67.2,78.91,71.04,90.64
Ranchi,71.99,98.81,93.51,99.77,70.3,78.51,23.18423506,85.31781937,38.38,40.4,55.43,41.97,43.47,50.18,30.27,28.64,73.38
Saraikela Kharsawan,75.09,82.11,95.46,75.19,64.6,63.68,22.85591392,85.89614919,74.2,90.51,81.26,80.78,89.49,69.6,83.21,83.3,82.41
Simdega,60.32,99.43,99.58,99.61,66.42,99.55,22.60876039,84.59193692,46.22,35.71,35.28,40.55,41.51,42.81,49.38,51.61,78.98
Bagalkot,20.38,1.73,98.15,77.13,61.21,88.79,16.15860676,75.64526071,76.44,95.62,77.53,92.42,73.46,79.88,75.62,81.37,68.0
Bidar,50.05,30.85,95.26,80.29,23.55,4.02,17.95036173,77.19459962,26.61,41.19,27.78,20.88,40.16,27.79,42.14,30.89,45.26
Bijapur,19.36,6.96,93.39,77.45,59.04,10.37,16.84015317,75.95909167,18.99,40.56,11.14,31.69,38.59,24.1,23.94,26.66,39.25
Chikmagalur,46.47,82.4,98.01,98.01,21.41,67.0,13.42528829,75.67626502,52.58,71.15,74.19,55.62,50.23,74.22,78.48,56.0,73.25
Chitradurga,50.43,17.82,63.93,24.31,38.34,75.84,14.2910222,76.57821957,57.65,53.48,57.62,61.06,40.57,57.7,56.47,66.43,51.05
Dakshin Kannad,23.55,74.88,68.32,52.02,31.75,85.33,12.89120455,74.96216278,13.78,5.8,20.79,29.94,22.17,16.07,13.03,6.91,45.04
Dharwad,7.71,0.39,89.42,68.77,9.73,41.34,15.34383138,75.13831264,90.6,100.0,100.0,100.0,96.14,87.17,93.79,97.64,57.29
Gadag,28.76,1.48,98.88,82.99,96.63,25.27,15.50712826,75.64861303,34.17,12.61,20.32,9.18,13.18,33.83,11.86,12.1,44.41
Gulbarga,22.72,10.47,98.27,86.13,49.14,85.52,17.07045952,76.8750385,42.38,56.75,38.51,51.03,36.5,55.28,45.56,64.94,57.31
Hassan,22.52,45.4,77.38,78.35,58.88,90.69,12.94509875,76.1104955,62.48,67.88,81.75,83.99,75.83,86.1,79.35,75.16,70.88
Haveri,9.47,58.32,96.36,98.41,3.2,14.6,14.73758281,75.39612306,56.43,68.3,55.8,78.49,59.31,70.42,70.26,80.57,56.35
Kodagu,66.17,88.91,94.47,90.93,58.64,85.28,12.39684468,75.79336596,76.96,51.27,59.85,53.95,50.28,61.53,68.16,68.95,80.67
Kolar,59.91,84.35,97.63,98.38,54.92,74.53,13.31279988,78.01376948,76.55,62.82,65.36,73.73,71.64,78.77,54.87,57.6,77.42
Koppal,32.54,81.08,96.58,96.4,92.98,73.81,15.65125327,76.16170486,42.95,47.1,51.57,40.89,27.62,40.95,36.24,28.85,69.73
Mandya,66.18,83.66,96.03,98.12,28.35,51.6,12.57490181,76.81570099,38.24,29.38,34.71,31.19,38.25,38.13,38.85,27.62,63.17
Mysore,52.25,42.12,93.5,79.1,63.11,94.37,12.24810026,76.52881803,77.85,77.43,79.4,60.69,65.66,63.7,88.11,58.89,78.26
Raichur,93.32,67.84,99.83,94.38,91.76,78.02,16.05079535,76.87368606,62.69,81.59,88.62,83.65,62.37,76.3,80.53,60.55,89.94
Shimoga,55.33,95.59,99.12,98.58,91.12,67.68,14.06384589,75.17882078,77.77,71.57,73.62,73.86,89.37,70.13,89.25,76.87,89.68
Tumkur,22.33,51.81,93.99,97.54,31.47,57.37,13.59246776,77.02297966,47.36,47.05,47.68,43.81,47.4,37.05,54.15,58.99,59.26
Udupi,63.56,95.84,95.04,71.3,23.69,47.79,13.45040423,74.7200999,50.86,38.55,47.82,61.24,57.82,53.21,40.82,37.79,62.98
Alappuzha,98.41,99.03,98.72,92.51,31.26,78.07,9.542602966,76.38010796,72.29,65.56,71.84,56.54,56.46,56.1,68.59,54.28,82.52
Ernakulam,95.07,98.08,98.75,88.73,45.41,59.15,10.0048793,76.26957729,58.77,82.01,75.44,75.09,76.98,76.53,71.98,58.03,82.4
Idukki,93.52,97.3,99.18,93.89,78.42,83.31,9.804809639,77.04586642,81.81,78.85,72.99,80.33,80.36,65.2,80.17,67.13,92.96
Kannur,94.01,99.35,98.61,97.62,37.81,48.04,11.94152308,75.35209892,30.44,41.35,48.39,48.06,51.45,36.32,33.22,50.27,69.27
Kasaragod,74.08,86.1,83.88,84.76,10.21,21.08,12.3331031,75.07768497,37.65,27.27,55.3,53.1,37.35,30.42,41.83,49.84,57.34
Kollam,95.0,99.38,98.78,96.77,68.7,75.94,8.929388821,76.63607759,14.0,27.43,30.28,4.58,6.88,10.62,10.86,14.51,67.88
Kottayam,95.18,96.04,99.41,96.59,54.12,73.96,9.643701174,76.46059673,51.39,43.46,40.25,60.7,40.69,46.35,65.83,59.53,82.79
Kozhikode,86.9,98.37,91.15,94.68,42.2,42.04,11.39292427,75.7115872,23.14,25.37,20.16,1.57,26.26,12.66,6.19,16.01,57.3
Malappuram,97.98,99.87,99.94,99.51,79.74,73.59,10.97329876,75.93910776,41.35,55.75,33.48,48.54,48.18,33.47,34.79,51.93,79.31
Palakkad,95.61,99.36,99.94,99.06,28.81,63.32,10.7849269,76.49980491,55.34,59.12,45.68,46.03,61.57,49.82,51.56,57.76,75.7
Thiruvananthapuram,91.21,97.07,94.3,94.48,50.94,70.38,8.537101759,76.88711503,61.87,49.89,60.15,51.6,51.72,55.95,55.17,48.29,78.73
Thrissur,93.46,98.62,97.98,97.2,74.74,84.18,10.45893265,76.12321941,29.51,7.28,21.34,18.94,1.13,12.13,8.66,0.0,70.19
Wayanad,89.37,98.21,99.39,98.04,22.94,8.41,11.71527746,76.07587007,23.66,10.81,3.82,10.48,30.54,26.77,18.04,13.54,55.38
Kargil,76.29,76.66,94.18,66.97,36.84,19.14,33.56599489,76.63675315,64.83,60.23,70.36,80.42,78.63,62.33,69.46,84.85,68.04
Anuppur,52.86,96.04,89.58,98.95,43.88,94.64,23.1818422,81.8656,55.91,66.09,67.57,62.62,75.11,71.77,64.96,58.19,78.75
Ashoknagar,52.47,71.15,81.4,98.64,43.62,98.04,24.63098846,77.82974494,29.33,26.74,37.07,26.63,23.55,31.28,36.88,34.05,64.64
Balaghat,83.63,99.21,98.43,99.62,89.32,96.97,21.80020721,80.42170053,62.13,61.66,45.73,64.32,69.69,70.51,44.9,63.38,85.91
Barwani,84.7,54.12,98.26,68.89,87.44,74.4,21.70213571,74.9100472,14.78,19.25,6.29,13.94,33.6,21.55,18.96,33.46,61.83
Betul,19.41,86.57,95.22,99.53,60.08,44.52,21.96462632,77.78734282,25.9,29.48,12.45,2.87,29.21,31.56,12.1,31.21,52.63
Bhind,8.27,91.87,97.87,98.25,58.36,55.15,26.35951126,78.76183243,40.23,51.64,66.4,47.9,59.61,38.17,66.0,57.07,68.84
Bhopal,77.06,78.65,98.12,97.18,94.53,89.02,23.48072614,77.39246623,39.93,67.88,58.48,66.38,45.98,40.38,38.04,43.84,79.29
Burhanpur,45.15,36.84,87.5,72.4,61.57,51.24,21.36456725,76.24460479,67.28,70.62,65.96,64.02,53.15,45.73,62.25,68.36,63.47
Chhatarpur,54.96,32.61,91.89,50.74,64.88,74.74,24.81363738,79.56449299,66.51,56.91,62.53,71.44,80.77,56.56,74.73,53.21,68.5
Chhindwara,68.93,70.38,97.36,89.89,85.94,83.25,22.22796697,78.76413136,90.71,98.1,88.29,88.51,69.37,85.72,85.14,92.67,89.06
Damoh,78.8,77.32,94.15,88.45,76.7,83.85,23.76624408,79.47049303,49.33,38.5,35.93,41.33,57.82,55.57,38.55,62.96,73.89
Datia,59.76,58.89,93.09,84.48,77.83,92.99,25.9022644,78.63916571,29.38,46.31,41.37,34.02,43.42,22.94,52.22,32.23,71.18
Dewas,49.56,84.77,99.53,97.61,65.91,79.7,22.785111,76.46088806,81.6,67.46,85.01,78.98,75.23,85.13,72.82,74.68,83.02
Dhar,59.3,64.69,87.9,63.6,71.23,55.21,22.57268172,75.11056207,42.76,44.36,36.78,20.31,48.44,43.82,37.07,29.87,59.8
Dindori,41.35,98.31,99.97,98.61,96.14,89.4,22.83738437,81.04332967,51.77,56.49,57.43,38.13,39.63,39.14,37.6,42.51,76.71
East Nimar,68.86,94.72,99.94,98.78,82.26,90.72,22.0989856,76.55805504,12.35,27.9,26.06,11.68,14.24,6.17,18.72,11.99,69.93
Guna,34.16,85.41,98.74,77.06,77.97,91.13,24.49043927,77.2235896,18.37,23.47,3.12,12.66,2.28,5.18,13.08,22.27,59.94
Gwalior,48.4,69.77,93.71,93.38,70.84,86.39,26.04074442,78.12782433,79.57,77.43,97.04,98.41,81.83,71.94,71.24,96.57,82.07
Harda,95.81,98.4,99.54,99.75,96.11,95.68,22.22765978,77.07022572,61.97,61.02,61.34,60.64,66.97,62.63,62.85,87.42,91.93
Hoshangabad,54.42,85.04,95.67,97.62,72.92,62.58,22.5952688,78.02168095,77.42,60.81,65.72,64.47,59.34,64.69,75.55,53.1,80.98
Indore,69.1,78.75,96.84,95.21,88.41,84.17,22.68026575,75.91338013,32.24,32.38,32.15,32.86,53.68,35.39,35.48,53.96,73.37
Jabalpur,76.48,77.05,96.57,90.17,98.13,84.13,23.18525572,79.98328755,40.34,31.38,10.63,40.3,39.65,21.76,16.64,32.33,70.95
Jhabua,75.81,95.55,99.65,99.51,80.52,83.97,22.41957802,74.40921617,23.44,19.2,22.32,12.31,15.13,40.09,25.17,15.95,71.97
Katni,50.6,95.45,95.58,95.82,70.62,92.06,23.72441623,80.33819666,22.17,45.94,25.25,28.24,27.76,37.43,40.42,17.02,71.89
Mandla,33.31,97.69,90.32,93.47,56.35,91.13,22.70348712,80.38600544,77.4,75.42,68.46,71.64,51.93,54.39,68.71,77.57,79.22
Mandsaur,74.69,70.26,95.36,74.01,87.15,87.82,24.19278764,75.43588668,69.06,49.68,47.63,58.85,48.92,57.87,50.26,64.83,77.2
Morena,60.12,92.51,95.31,98.7,83.94,57.19,26.37313505,77.88447341,43.65,44.57,22.02,28.63,23.41,35.58,19.53,39.67,66.91
Narsinghpur,62.81,63.2,96.58,89.0,79.96,73.47,22.95134468,79.00202423,88.26,96.31,85.63,79.65,85.99,69.81,69.96,74.73,81.31
Neemuch,19.36,76.26,99.98,99.91,24.51,0.49,24.70311893,75.06608187,73.49,66.56,62.81,59.6,56.39,51.8,78.55,73.29,62.75
Panna,82.0,98.52,98.96,99.51,66.92,94.79,24.45132584,80.21133001,64.98,56.75,61.41,44.32,68.4,59.11,42.4,38.12,81.11
Raisen,65.88,67.97,93.97,79.09,80.93,56.77,23.29251821,78.16305496,50.53,65.98,63.22,57.19,56.39,62.38,44.34,53.21,69.69
Rajgarh,21.6,90.57,78.41,94.79,7.93,73.68,23.78549903,76.66431224,43.98,33.23,55.11,36.42,44.11,41.27,42.52,47.0,57.79
Ratlam,97.67,97.58,99.17,98.76,99.0,98.93,23.50356229,75.14895782,23.11,30.85,37.58,24.43,23.69,31.24,42.61,19.27,83.53
Rewa,55.5,55.55,91.9,85.43,94.12,90.64,24.86118463,81.57572465,54.82,35.55,37.32,43.88,38.52,36.8,32.28,48.45,69.47
Sagar,74.78,90.65,99.36,94.99,83.77,79.82,23.80031871,78.71940358,82.76,57.33,74.68,83.04,73.74,53.87,67.02,59.58,87.45
Satna,29.58,92.84,88.66,99.19,39.77,61.47,24.62777622,80.75547049,0.45,9.34,7.19,17.21,22.36,9.5,0.0,17.99,50.15
Sehore,82.25,69.36,98.94,92.3,89.1,65.03,22.92971997,77.06780203,28.56,7.44,15.69,8.22,29.83,11.99,20.42,17.72,66.05
Seoni,41.47,82.27,96.08,90.18,50.34,84.97,22.33230488,79.66053864,30.28,0.95,25.72,3.04,19.27,4.47,19.29,18.58,59.18
Shahdol,60.46,98.42,96.39,99.05,85.06,96.13,23.44859865,81.45968318,6.76,4.01,14.53,30.0,29.02,30.65,18.69,2.89,70.75
Shajapur,47.1,63.44,76.94,93.9,57.66,70.49,23.56662032,76.33555181,78.19,90.24,85.84,69.24,85.67,78.79,71.43,59.9,73.67
Sheopur,51.71,89.87,91.61,99.55,68.76,74.63,25.78014811,77.16911117,77.92,65.98,75.38,51.72,72.72,71.75,59.67,76.71,78.17
Shivpuri,68.31,87.91,87.93,70.96,62.79,66.39,25.37802452,77.74861601,33.8,62.18,59.53,50.74,34.25,42.28,36.11,39.83,66.42
Sidhi,42.04,83.07,70.16,94.17,56.53,41.68,24.1754719,82.10537834,26.98,17.56,33.57,23.94,5.31,17.36,16.48,29.39,52.63
Tikamgarh,70.33,99.2,96.69,99.6,73.24,99.77,25.14099852,78.89357065,61.42,47.63,42.5,40.33,53.06,35.48,56.86,37.96,83.1
Ujjain,36.56,53.44,91.16,95.28,62.21,61.2,23.31928886,75.80383718,40.98,23.36,28.6,10.47,23.37,16.2,40.95,17.56,59.25
Umaria,49.74,71.37,98.26,95.05,97.89,87.28,23.59601063,80.90879477,59.15,32.12,41.22,59.21,42.07,54.29,60.35,49.14,79.97
Vidisha,67.67,87.68,97.2,89.91,88.69,68.09,23.82838308,77.90135076,41.97,46.36,45.85,34.33,54.46,48.01,54.42,56.05,76.57
Ahmednagar,46.99,22.65,97.92,80.07,52.12,58.56,19.21759903,74.69220261,69.86,49.0,65.21,63.51,70.63,59.74,62.17,70.45,64.11
Akola,29.45,27.58,99.89,99.82,35.21,3.93,20.74631048,77.1212232,70.72,63.13,66.09,65.88,72.47,58.92,66.74,58.94,57.53
Amravati,59.04,18.23,98.57,94.9,15.93,16.47,21.16520992,77.67583503,11.4,20.57,12.6,19.67,11.02,29.93,10.02,24.73,39.64
Aurangabad,28.16,17.04,98.49,86.72,41.61,93.8,24.77429187,84.45986024,51.25,29.17,30.4,34.51,46.71,27.53,45.27,28.32,58.05
Aurangabad,28.16,17.04,98.49,86.72,41.61,93.8,20.09792288,75.32072197,44.95,44.88,57.28,51.61,52.0,52.22,58.33,73.13,62.14
Bhandara,23.79,39.56,99.39,92.65,58.3,43.52,21.21179265,80.109502,67.76,74.47,88.81,87.07,66.1,84.52,84.91,64.56,70.51
Chandrapur,27.24,28.1,96.28,92.24,80.66,28.07,20.09560909,79.3155638,12.44,40.08,14.37,12.55,23.18,17.36,19.75,11.62,47.52
Dhule,80.35,55.15,99.98,99.58,76.1,64.32,21.27401869,74.58719072,24.96,3.74,3.47,7.31,28.91,30.27,32.05,10.22,65.57
Hingoli,59.06,68.61,99.62,97.38,54.25,16.3,19.59525302,77.09239413,42.91,47.52,51.48,67.77,57.15,53.0,69.78,42.34,68.96
Jalgaon,53.25,53.48,94.56,91.08,74.57,39.12,20.88289434,75.55140422,76.52,70.68,69.21,72.49,75.39,79.06,86.46,76.34,76.29
Jalna,50.44,9.05,98.12,94.41,37.09,10.38,19.98461253,75.98473607,56.9,43.04,52.9,57.8,55.2,70.17,57.47,69.54,54.69
Kolhapur,70.47,60.66,98.55,90.92,56.45,61.83,16.44881302,74.12897151,51.05,34.97,35.95,47.63,35.56,31.87,34.26,44.75,65.6
Latur,41.42,32.68,99.8,98.37,35.87,9.62,18.34868727,76.75812608,54.98,47.42,66.34,65.65,63.34,69.56,56.08,56.8,57.21
Nagpur,16.32,6.76,98.86,90.73,69.6,19.3,21.19655686,79.02166176,51.04,52.37,50.42,43.61,44.83,41.71,58.43,35.39,53.76
Nanded,63.63,43.8,96.26,87.38,35.31,72.09,19.20931698,77.6829049,65.49,38.98,49.28,37.75,42.82,60.33,55.66,67.51,65.67
Nandurbar,67.71,77.28,99.95,98.67,43.33,42.09,21.52317563,74.32638757,85.95,82.33,73.9,84.45,70.17,79.48,83.54,91.38,79.74
Nashik,68.52,34.77,99.35,90.18,37.96,69.8,20.26691287,74.03824168,33.56,56.65,57.12,33.49,43.08,44.03,29.37,33.73,58.57
Osmanabad,26.05,28.75,98.43,95.89,49.82,12.17,18.19459456,75.99495575,69.01,93.35,82.8,81.75,96.0,93.68,69.27,69.33,61.42
Parbhani,51.9,50.26,82.01,96.97,45.24,17.72,19.31032425,76.70163339,13.11,20.83,16.35,24.11,35.0,39.12,24.04,14.67,48.25
Pune,46.57,19.8,96.17,64.96,49.78,35.41,18.51696171,74.12922882,30.42,21.52,17.88,28.61,23.48,4.95,21.82,19.81,44.71
Ratnagiri,80.2,97.37,98.72,99.76,73.08,84.61,17.21019507,73.25725894,28.69,11.5,14.73,19.64,24.79,3.73,20.56,13.44,71.22
Sangli,54.88,54.98,95.81,87.42,76.54,70.21,17.15493018,74.70713823,29.88,7.81,34.8,34.73,22.45,17.8,34.06,29.87,63.69
Satara,38.63,40.48,92.32,59.13,67.24,55.89,17.6737909,74.18052064,78.98,75.11,60.04,50.51,68.12,64.67,66.34,60.65,64.1
Sindhudurg,66.35,97.89,97.77,99.0,34.02,43.65,16.17094805,73.51329008,14.26,16.14,3.94,2.79,31.05,15.72,6.92,23.93,54.89
Solapur,35.88,11.51,93.06,53.14,41.05,35.56,17.83735794,75.42394824,45.27,26.42,22.01,34.21,33.6,37.33,39.61,42.88,44.59
Thane,88.76,97.09,99.75,98.86,19.88,85.23,19.69876775,72.79882743,72.26,70.73,72.13,62.07,69.66,90.31,84.32,64.03,85.45
Wardha,16.63,5.98,96.9,82.21,42.74,30.55,20.80743024,78.57259106,14.78,11.5,4.21,22.38,0.0,3.96,12.21,9.53,36.56
Washim,23.71,17.1,99.86,98.61,86.48,17.59,20.28228239,77.25502394,77.05,82.96,58.4,85.5,82.96,78.15,85.65,76.34,69.04
Yavatmal,38.44,46.54,99.07,94.6,56.17,53.81,20.04258347,78.05326372,45.87,40.66,42.12,31.5,43.38,30.82,38.97,19.43,59.26
Bishnupur,68.72,92.82,82.56,93.85,72.31,41.54,24.50712112,93.8246236,37.37,29.69,20.64,14.04,9.82,10.79,34.77,16.54,64.23
Chandel,25.0,100.0,75.0,100.0,100.0,75.0,24.2635813,94.09443844,72.85,48.52,58.07,61.9,66.63,53.61,68.87,64.45,79.92
Churachandpur,0.0,100.0,33.33,100.0,100.0,33.33,24.30309719,93.38671506,57.01,56.28,72.3,65.95,58.19,73.16,48.33,73.93,61.87
Senapati,64.81588235294117,82.805,97.315,91.10499999999999,54.48370288248337,66.85646464646464,25.08465586,94.03366234,64.17,64.24,66.74,75.29,63.16,87.15,85.76,69.06,48.56
Tamenglong,64.81588235294117,82.805,97.315,91.10499999999999,54.48370288248337,66.85646464646464,24.98312942,93.4945074,22.17,41.51,46.29,37.87,20.61,25.01,42.51,42.18,23.61
Thoubal,82.72,98.95,80.63,99.48,58.64,65.97,24.54539255,93.97959894,22.13,14.14,29.57,17.86,29.37,21.97,32.13,28.21,67.74
Ukhrul,38.33,100.0,71.67,100.0,75.0,36.67,25.05900315,94.44129567,61.83,69.04,78.98,74.57,75.6,73.33,62.68,79.44,72.69
East Garo Hills,64.81588235294117,82.805,97.315,91.10499999999999,54.48370288248337,100.0,25.82728228,90.64684925,66.21,63.08,88.1,59.25,57.75,71.67,63.15,68.68,53.26
East Khasi Hills,71.91,81.65,90.68,57.9,87.5,23.53,25.30376389,91.7592252,29.57,34.81,58.24,54.92,44.55,39.12,43.14,46.57,64.07
South Garo Hills,0.0,0.0,0.0,0.0,0.0,0.0,25.24056858,90.64560349,36.32,52.11,33.37,30.02,40.43,27.83,24.15,24.46,7.22
West Garo Hills,64.81588235294117,82.805,97.315,91.10499999999999,54.48370288248337,100.0,25.49528519,90.03709947,36.23,45.68,46.61,36.46,54.65,46.89,34.07,35.44,38.23
West Khasi Hills,51.34,96.68,78.63,59.0,100.0,0.0,25.50088993,91.25364542,77.62,79.06,77.23,66.89,60.99,75.88,60.07,75.0,67.89
Aizawl,64.81588235294117,82.805,97.315,91.10499999999999,54.48370288248337,100.0,23.90781335,92.85359459,8.47,7.44,31.34,27.74,35.6,6.34,9.41,14.13,26.25
Champhai,76.92,100.0,100.0,100.0,100.0,37.5,23.54166581,93.24221799,76.95,78.74,78.04,82.35,77.09,74.64,70.85,78.69,87.12
Kolasib,64.81588235294117,82.805,97.315,91.10499999999999,54.48370288248337,66.85646464646464,24.20200043,92.73470391,62.33,38.77,44.33,55.32,45.56,58.94,59.29,38.7,35.41
Lawngtlai,64.81588235294117,82.805,97.315,91.10499999999999,54.48370288248337,66.85646464646464,22.36102843,92.66964157,87.79,67.99,66.72,60.37,59.73,75.56,72.22,87.31,43.89
Lunglei,100.0,100.0,97.315,91.10499999999999,100.0,66.85646464646464,23.00771704,92.63512555,36.03,43.57,27.25,50.45,22.93,29.41,39.17,46.68,63.6
Mamit,64.81588235294117,82.805,97.315,91.10499999999999,54.48370288248337,66.85646464646464,23.73852943,92.43308038,82.52,77.85,65.46,89.07,84.68,84.64,64.57,89.35,43.85
Saiha,64.81588235294117,82.805,97.315,91.10499999999999,54.48370288248337,66.85646464646464,22.35744801,93.02827931,31.74,37.29,37.01,50.95,40.55,43.92,27.55,37.85,20.29
Serchhip,64.81588235294117,82.805,97.315,91.10499999999999,54.48370288248337,100.0,23.26386471,92.9141585,29.77,9.97,6.77,23.8,5.8,23.51,12.53,21.2,27.97
Dimapur,85.95,100.0,99.65,91.29,97.12,98.28,25.81417681,93.75074058,71.38,78.06,94.83,92.73,82.98,86.6,90.39,67.56,99.07
Kohima,49.16,99.44,76.72,86.18,54.48370288248337,94.26,25.60311429,93.78600658,41.64,48.42,32.0,26.95,39.17,36.38,24.03,20.61,62.56
Mokokchung,63.83,100.0,95.69,95.67,100.0,100.0,26.47891176,94.52242601,83.41,91.72,72.11,90.11,92.78,75.23,96.78,80.62,98.5
Mon,68.38,99.93,99.86,93.48,0.0,100.0,26.69207374,95.03072989,47.15,49.0,53.83,62.34,65.23,52.71,52.32,54.87,73.48
Phek,60.28,99.39,99.09,96.01,100.0,99.9,25.63272987,94.56814564,37.72,43.62,46.0,32.29,41.54,46.56,35.06,42.72,78.9
Tuensang,42.52,99.04,65.91,87.52,54.48370288248337,89.83,26.21104453,94.85809881,25.35,26.42,31.79,30.37,30.59,28.29,48.85,40.58,64.72
Wokha,64.77,100.0,99.87,89.77,98.37,93.06,26.20261155,94.19908152,46.36,47.47,53.07,50.12,46.94,22.14,45.68,34.53,81.45
Zunheboto,62.64,100.0,100.0,97.34,100.0,100.0,26.02817821,94.50026667,58.09,47.63,74.91,64.8,57.15,62.29,77.09,68.84,91.9
Baleshwar,57.04,82.805,97.315,91.10499999999999,56.01,23.39,21.48570932,87.08085828,83.21,75.11,75.37,66.64,69.99,56.18,85.66,72.97,55.73
Bhadrak,100.0,80.0,100.0,100.0,80.0,92.86,20.95262735,86.81496205,65.14,61.45,46.45,54.32,60.1,63.13,44.72,40.26,83.52
Boudh,100.0,82.805,97.315,91.10499999999999,54.48370288248337,100.0,20.58319074,84.12363307,7.77,21.04,2.95,26.11,9.04,7.65,24.03,20.4,44.0
Cuttack,69.46,25.0,50.0,0.0,50.85,0.84,20.40764065,85.77768102,50.55,56.65,53.06,51.74,49.84,52.6,62.45,62.9,42.16
Deogarh,45.63,100.0,100.0,100.0,4.68,75.0,21.43146202,84.81452481,53.93,31.43,47.2,49.32,55.24,32.99,59.63,41.97,69.78
Dhenkanal,92.86,82.805,97.315,91.10499999999999,19.35,100.0,20.79887159,85.53226836,84.52,78.64,70.24,70.07,88.2,81.93,69.79,69.81,63.98
Gajapati,100.0,100.0,100.0,100.0,100.0,100.0,19.12108088,84.14015092,28.54,27.37,53.76,45.03,35.49,40.62,48.79,49.46,87.75
Ganjam,37.5,0.0,97.315,91.10499999999999,41.87,79.28,19.26326176,84.8029771,32.06,28.59,34.76,19.23,20.77,19.19,29.62,26.07,32.57
Jharsuguda,30.92,0.0,97.315,91.10499999999999,71.35,29.88,21.82705857,83.93581682,59.93,43.72,70.56,71.81,46.69,49.06,52.31,48.34,40.36
Kalahandi,55.98,54.05,90.63,84.38,1.1,44.46,19.78425309,83.11240438,23.97,6.86,9.05,6.72,34.34,6.11,14.76,23.61,43.81
Kandhamal,0.08,0.0,0.08,0.08,0.08,0.9,20.09287862,84.02216353,22.34,25.47,28.58,29.22,25.34,30.86,34.89,13.92,8.75
Kendrapara,84.4,0.0,97.315,91.10499999999999,33.54,96.33,20.60631982,86.83763248,52.12,50.79,53.2,57.77,65.55,66.86,69.79,79.18,55.34
Khordha,83.69,75.0,100.0,100.0,68.32,96.62,20.05416232,85.52234834,66.35,57.81,66.9,58.18,72.61,76.26,89.25,72.11,90.09
Koraput,28.78,78.57,100.0,100.0,60.83,74.72,18.82627795,82.8127847,53.69,79.01,77.29,58.43,62.07,74.47,61.8,66.11,73.74
Malkangiri,64.81588235294117,82.805,97.315,91.10499999999999,54.48370288248337,100.0,18.2522793,81.98293636,31.73,25.95,33.21,18.96,8.9,17.3,28.97,31.21,33.67
Mayurbhanj,11.39,100.0,100.0,100.0,7.27,1.11,21.89762155,86.40304081,34.06,14.14,8.41,5.28,24.54,27.45,17.65,27.84,43.56
Nabarangpur,8.33,7.69,16.67,8.33,16.67,47.62,19.51304717,82.4204196,96.9,78.96,84.97,84.89,100.0,98.02,98.06,83.14,43.54
Nayagarh,63.49,0.0,100.0,100.0,35.31,51.12,20.19289562,85.056147,50.62,35.39,56.03,53.66,42.69,42.97,31.05,46.52,54.55
Nuapada,8.33,0.0,0.0,0.0,0.0,0.0,20.47130951,82.59152537,45.56,48.47,40.08,27.74,47.17,30.59,54.97,42.13,15.28
Puri,76.1,97.45,90.0,90.91,47.68,90.84,19.83509175,85.8669899,74.55,77.58,84.75,80.7,59.29,65.45,64.69,71.68,82.85
Rayagada,67.11,97.56,92.59,83.95,85.4,72.8,19.29284002,83.4586012,69.94,72.52,86.02,79.47,79.94,73.04,78.02,72.11,86.36
Sambalpur,40.83,87.5,100.0,100.0,16.7,38.44,21.51575238,84.34958483,82.75,75.05,82.16,89.97,73.41,77.35,94.44,83.51,76.63
Sonepur,100.0,100.0,100.0,100.0,50.0,100.0,20.89080329,83.76852635,64.68,55.49,62.15,60.61,71.87,62.29,65.81,59.58,88.26
Sundargarh,100.0,100.0,100.0,100.0,0.0,90.91,22.06354819,84.50524819,33.68,45.31,31.67,29.85,54.53,42.6,44.68,52.84,72.61
Karaikal,86.41,97.99,100.0,98.32,100.0,66.85646464646464,10.87616173,79.82369794,26.75,26.95,27.63,8.44,24.61,22.35,17.87,13.17,69.24
Mahe,89.43,93.67,95.18,98.19,0.99,66.85646464646464,12.00642079,75.28275022,70.24,62.5,67.07,56.42,56.97,67.73,78.56,83.46,75.46
Amritsar,74.27,88.91,99.85,45.83,0.0,82.91,31.54867982,74.79883857,35.95,30.64,44.33,49.11,45.98,31.41,30.9,47.48,58.57
Bathinda,88.98,75.44,97.27,62.65,81.82,93.47,30.19052461,75.05685898,8.65,14.24,32.95,30.87,31.97,11.48,20.85,8.73,67.05
Faridkot,90.06,86.95,98.82,54.94,54.48370288248337,95.74,30.59118725,74.79751554,60.54,57.33,64.77,54.77,59.15,49.91,39.41,44.49,72.22
Fatehgarh Sahib,92.56,92.27,99.35,54.64,0.0,88.0,30.64290947,76.36208395,14.39,17.25,11.14,1.59,17.8,5.52,9.7,0.48,53.85
Gurdaspur,92.26,89.82,99.4,51.8,100.0,82.77,32.04283371,75.32040644,32.47,9.34,24.31,13.82,9.91,31.85,24.85,29.6,70.01
Hoshiarpur,83.06,90.35,99.55,53.45,0.0,87.12,31.5515717,75.84698574,17.55,24.79,36.26,22.0,17.55,7.04,34.25,12.04,59.08
Jalandhar,89.89,91.37,98.97,64.99,3.8,78.65,31.25033691,75.54400351,66.58,69.09,51.76,61.57,58.1,65.35,50.48,49.36,69.78
Kapurthala,88.55,92.5,99.72,33.82,54.48370288248337,86.68,31.33659264,75.47641166,70.15,72.1,56.04,63.09,73.3,72.97,71.7,64.08,77.44
Ludhiana,85.4,90.82,99.41,54.28,100.0,76.1,30.76596397,75.83110852,49.0,56.49,67.49,51.08,60.9,65.18,61.78,68.42,80.7
Mansa,91.44,90.46,99.82,72.66,54.48370288248337,88.18,29.91954771,75.43049229,95.63,69.09,82.41,93.64,70.24,96.86,82.06,89.45,89.03
Moga,90.89,94.05,99.98,43.64,54.48370288248337,87.4,30.75654007,75.16008451,50.29,54.91,51.85,49.4,37.56,25.93,47.51,37.21,71.35
Muktsar,79.25,84.43,99.32,32.54,54.48370288248337,93.97,30.31243303,74.55187477,39.47,42.99,46.71,27.84,24.43,23.59,31.76,33.73,62.14
Patiala,91.25,91.04,99.88,66.96,0.99,83.34,30.21454038,76.27505894,90.41,86.81,82.78,78.05,69.43,85.53,90.73,88.17,81.8
Rupnagar,93.95,95.7,98.96,54.3,100.0,91.6,30.91093733,76.53743501,25.07,15.98,14.43,9.27,11.87,19.49,19.43,6.37,70.32
Sangrur,90.91,89.5,99.85,60.88,3.29,88.62,30.1850452,75.89437014,22.46,25.47,29.83,29.85,28.43,30.06,12.48,3.1,57.65
Ajmer,59.16,65.75,98.01,91.35,0.0,79.15,26.19930038,74.69904192,60.04,39.72,51.48,39.16,43.61,58.71,49.97,40.74,63.62
Alwar,51.69,43.75,97.71,95.97,54.48370288248337,89.65,27.55271738,76.65359631,75.49,80.7,92.53,82.29,85.9,79.1,86.94,89.78,80.04
Banswara,29.26,40.46,87.08,90.44,54.48370288248337,98.42,23.45364203,74.44246868,30.93,31.38,25.68,19.99,26.06,30.67,31.82,9.64,55.07
Baran,79.39,81.21,99.41,94.36,54.48370288248337,44.11,24.98023243,76.86210652,65.65,44.73,60.21,53.58,68.05,39.84,61.25,59.69,73.6
Barmer,27.94,25.77,92.8,91.48,54.48370288248337,78.67,25.77070908,71.50297126,69.75,80.06,73.33,74.34,75.41,75.65,87.72,92.08,70.81
Bharatpur,37.93,78.29,96.47,99.12,54.48370288248337,93.84,27.32411858,77.21752077,61.97,48.95,45.55,62.43,63.59,63.87,61.52,56.05,74.92
Bhilwara,60.02,52.08,96.66,86.89,54.48370288248337,97.61,25.45119768,74.63947596,48.07,57.07,55.28,64.53,72.84,51.74,71.48,61.99,75.11
Bikaner,29.09,6.35,67.84,41.62,54.48370288248337,30.83,28.12489068,73.26943323,59.31,67.41,74.23,74.42,77.12,55.45,63.54,75.59,45.72
Bundi,72.42,61.01,99.45,96.02,54.48370288248337,96.36,25.48580716,75.79984074,54.42,60.02,39.84,57.41,50.8,35.37,46.27,32.39,73.0
Churu,4.38,0.86,93.82,81.17,54.48370288248337,70.73,28.29330376,74.65846427,66.19,43.72,70.81,53.81,53.06,56.01,71.37,47.22,56.34
Dausa,64.41,64.43,92.27,86.21,54.48370288248337,99.39,26.91234818,76.57342097,89.73,69.51,64.34,82.36,86.98,84.43,86.31,93.68,84.02
Dungarpur,49.3,54.91,96.52,78.45,54.48370288248337,94.73,23.75104808,73.84765641,18.86,37.82,39.54,38.92,39.47,41.96,45.66,40.1,63.0
Ganganagar,40.02,52.93,95.02,96.2,54.48370288248337,59.17,29.25678541,73.56192303,76.38,75.95,93.81,72.51,80.5,90.65,83.12,87.79,73.91
Hanumangarh,63.15,52.65,95.3,85.3,54.48370288248337,88.41,29.18133518,74.74632573,82.25,88.19,72.54,84.17,85.53,72.42,65.69,68.58,76.1
Jaipur,62.67,34.87,90.93,94.12,75.0,96.61,27.03345929,75.77117286,61.89,57.49,31.58,37.85,56.76,43.9,48.71,37.47,70.7
Jaisalmer,1.01,4.36,97.69,99.76,54.48370288248337,0.04,26.86900839,71.18371877,63.02,69.2,66.55,46.39,47.7,49.61,56.69,50.91,45.88
Jhalawar,72.53,73.24,99.79,97.78,54.48370288248337,86.4,24.24725541,76.11242892,31.59,18.57,34.69,11.15,28.45,31.73,18.02,17.67,62.77
Jodhpur,31.08,25.16,98.69,91.13,54.48370288248337,99.23,26.67846084,73.00450847,48.17,37.34,47.31,46.05,37.1,33.14,41.39,50.0,60.16
Karauli,44.43,52.21,93.69,94.43,54.48370288248337,76.39,26.51901556,76.96081818,44.05,66.35,64.83,56.13,52.25,64.69,42.57,69.65,63.6
Kota,81.56,83.86,97.04,90.56,54.48370288248337,91.85,25.17571808,76.18618928,27.49,25.42,23.95,8.04,32.04,27.43,34.07,12.96,67.93
Nagaur,21.85,21.17,97.78,95.14,54.48370288248337,66.17,27.07862016,74.14215667,86.03,93.14,93.62,71.28,76.75,90.27,85.9,78.69,69.44
Pali,35.77,32.7,98.15,98.92,54.48370288248337,92.68,25.80490394,73.55285641,100.0,90.24,97.0,70.13,96.02,99.62,79.79,69.22,76.35
Pratapgarh,75.46,63.71,91.04,94.14,54.48370288248337,95.37,25.86484273,81.93530049,59.7,53.9,68.39,53.61,63.85,60.99,64.11,69.11,77.05
Rajsamand,41.53,18.03,89.69,89.65,54.48370288248337,99.94,25.24894767,73.96570216,56.92,53.48,39.87,64.38,52.99,41.06,64.37,61.78,66.25
Sawai Madhopur,41.22,67.34,97.75,95.24,54.48370288248337,88.64,26.25108118,76.42192839,49.71,50.58,35.7,27.52,30.11,41.35,30.18,23.88,62.36
Sikar,60.16,45.93,94.22,90.71,54.48370288248337,99.09,27.64644059,75.29317423,60.69,86.34,60.05,67.97,75.05,79.78,63.94,61.3,74.13
Sirohi,4.18,1.64,97.26,94.79,54.48370288248337,84.67,24.79769053,72.75309132,77.22,48.68,60.91,50.74,57.93,65.62,52.39,71.57,56.62
Tonk,66.03,56.71,97.95,93.99,54.48370288248337,96.4,26.15393507,75.79192216,31.41,13.92,22.29,16.16,11.04,16.28,19.09,27.78,60.47
Udaipur,61.23,78.35,98.44,99.11,0.0,89.49,24.44076752,73.8402984,66.69,68.14,66.86,80.23,72.77,79.86,89.64,64.83,79.43
Ariyalur,95.15,75.73,99.55,88.3,86.15,55.34,11.19051484,79.22249644,39.42,54.11,30.64,35.25,51.06,35.64,58.24,52.62,77.18
Coimbatore,72.71,56.06,98.09,68.17,46.6,50.96,10.871377,77.07619012,85.47,88.71,96.5,72.47,76.66,78.39,77.48,77.57,73.49
Cuddalore,96.69,99.36,99.87,97.82,12.74,20.96,11.57587301,79.63002365,62.74,77.8,77.94,90.7,81.9,69.33,92.88,89.83,80.84
Dharmapuri,88.13,13.49,94.89,90.48,45.38,50.26,12.3001412,78.11509813,28.56,18.67,10.23,19.86,26.29,7.5,16.32,12.58,51.55
Dindigul,79.92,49.69,95.2,65.22,19.0,54.36,10.37780139,77.7801128,30.35,14.66,1.83,16.63,29.3,24.25,5.28,22.64,46.74
Erode,74.77,45.71,97.72,55.37,18.08,17.35,11.26701216,77.42034335,55.73,33.91,41.05,37.86,37.81,53.57,53.62,39.35,53.44
Kanniyakumari,80.52,92.82,97.01,87.85,27.63,77.25,8.1834663,77.32053064,74.2,91.35,92.72,86.49,78.15,93.05,93.07,97.48,85.94
Karur,87.22,22.25,99.88,81.82,87.28,31.53,10.79532777,78.08749687,32.71,35.34,10.16,30.07,39.67,36.78,39.82,10.33,61.0
Madurai,68.45,70.98,97.89,81.01,19.57,79.74,9.904313833,78.01366033,26.63,48.84,38.3,30.57,44.46,31.41,28.9,50.37,59.83
Nagapattinam,70.48,95.76,89.95,62.3,48.31,89.76,10.78946816,79.79437299,78.94,73.42,78.45,83.95,89.1,98.15,92.13,92.56,84.87
Namakkal,46.2,49.77,92.6,67.69,5.7,55.22,11.33766638,78.14624841,74.76,73.47,67.02,71.84,80.68,70.91,68.84,64.67,61.32
Perambalur,42.0,2.51,99.1,69.55,6.54,13.99,11.26013776,78.86034012,83.23,58.97,68.28,85.88,62.76,69.48,65.49,83.35,51.36
Pudukkottai,58.83,59.57,95.71,96.52,65.88,60.43,10.13051482,79.05444484,53.58,39.14,57.42,51.35,61.25,34.06,33.58,57.6,65.99
Ramanathapuram,28.48,76.54,94.35,90.41,14.38,89.09,9.312869952,78.99185362,42.28,50.26,57.39,44.31,33.81,43.27,29.05,36.03,58.55
Salem,81.74,97.86,99.69,94.17,65.56,58.75,11.6293242,78.2478258,26.61,48.15,30.42,20.94,37.24,21.32,42.32,46.41,71.88
Sivaganga,32.34,72.55,68.22,91.59,33.65,56.24,9.960306581,78.56535729,33.27,4.01,30.17,20.35,8.99,9.86,6.08,2.25,46.24
Thanjavur,98.9,93.0,99.9,86.9,99.74,38.51,10.38769226,79.31948691,74.46,73.26,71.5,64.29,70.49,70.7,76.38,64.72,87.28
Theni,33.96,28.28,97.02,49.28,78.35,63.16,9.924066667,77.43458833,76.14,77.0,78.48,74.98,83.74,97.81,85.12,88.01,69.48
Thiruvallur,62.94,59.6,90.96,10.85,48.4,65.17,13.2758581,80.19724703,95.53,87.82,91.3,91.9,75.55,79.84,72.24,89.94,67.14
Thiruvarur,57.87,99.09,99.83,89.15,80.76,96.11,10.36892741,79.60322894,60.23,60.81,69.36,44.43,43.74,65.01,63.46,37.85,83.16
Tiruvannamalai,45.72,80.39,96.2,8.97,41.24,68.87,12.41931895,79.23265632,36.55,39.66,19.61,31.28,18.61,37.41,29.62,15.15,50.59
Vellore,68.68,20.77,96.72,38.38,39.62,68.44,12.78488263,79.02643284,37.14,6.43,22.85,7.34,10.49,28.59,22.27,35.22,46.5
Villupuram,71.24,38.26,99.32,92.89,14.43,43.35,12.06557135,79.68989101,72.42,91.14,82.14,91.92,67.99,77.65,80.51,87.47,70.34
Virudhunagar,23.35,32.7,83.04,85.94,56.03,75.5,9.468872196,77.87641469,55.8,42.62,60.72,43.86,62.67,57.62,70.49,66.81,63.75
Adilabad,73.33,74.63,82.7,77.48,79.0,80.41,19.28451395,78.81321233,44.17,37.08,34.04,28.86,33.33,34.67,42.77,13.76,69.49
Hyderabad,0.0,0.0,0.0,0.0,0.0,0.0,17.38971556,78.46668889,36.64,34.76,31.55,45.04,24.79,33.75,53.39,38.44,14.24
Karimnagar,72.96,53.0,96.75,79.88,70.97,69.32,18.51548319,79.43765429,66.93,71.26,64.94,85.36,88.8,80.49,65.21,63.81,76.63
Khammam,37.79,24.67,82.2,57.16,72.34,83.16,17.68392133,80.67008644,39.38,51.64,62.68,64.05,51.2,61.45,56.78,57.39,61.3
Mahbubnagar,73.95,63.37,94.86,83.08,82.65,85.89,16.63954622,77.98933089,54.45,45.2,36.23,51.57,45.19,37.08,40.29,45.34,72.96
Medak,45.0,71.49,93.72,97.56,97.6,98.65,17.88930498,78.13778902,30.36,11.87,19.41,5.15,0.97,4.23,1.54,28.8,62.7
Nalgonda,70.91,60.17,97.09,81.04,67.61,84.4,17.11325052,79.16984454,37.66,23.63,13.2,15.27,23.0,21.36,27.29,20.07,63.93
Nizamabad,64.49,52.31,95.62,65.61,89.71,75.14,18.42948585,78.07523491,43.19,41.14,32.07,51.14,35.86,25.19,33.58,52.94,65.74
Rangareddi,77.02,49.29,88.12,73.72,76.72,57.05,17.24523587,78.05756828,58.69,31.07,56.23,56.74,38.39,56.14,60.51,52.25,70.36
Warangal,58.49,64.64,96.1,91.59,73.12,94.98,18.01752609,79.87422029,64.83,68.04,54.79,45.18,44.85,65.58,69.25,68.95,79.13
Dadra And Nagar Haveli,93.4,98.88,99.95,100.0,100.0,100.0,20.21513217,73.09454961,73.63,92.83,94.19,91.94,92.99,85.76,70.78,69.38,97.51
Daman,97.24,97.7,100.0,99.54,0.0,99.54,20.43161667,72.83923661,24.17,23.26,18.2,21.61,33.69,23.03,13.64,10.17,64.94
Dhalai,78.27,97.53,99.08,97.46,78.85,93.7,23.78136048,91.94654283,52.14,34.92,61.93,50.8,40.85,59.51,51.02,60.06,83.1
North Tripura,72.95,99.46,98.63,98.53,70.43,92.71,24.12173976,92.17842538,79.27,91.4,81.78,80.02,72.31,95.24,84.35,71.68,92.39
South Tripura,82.56,99.07,96.8,96.72,80.82,97.48,23.2118741,91.60658076,22.5,37.29,24.56,23.53,32.41,43.54,45.11,31.85,79.32
West Tripura,84.03,97.09,98.7,97.45,81.97,90.97,23.78016624,91.41310789,27.88,19.09,30.76,29.39,18.05,42.74,24.5,21.47,75.04
Agra,69.19,51.98,91.49,80.82,80.27,83.88,26.99512975,78.05278292,18.62,12.66,15.27,25.43,10.05,26.04,20.26,22.11,61.65
Aligarh,66.72,70.57,98.22,89.27,57.9,78.7,27.93748577,78.00146831,26.22,19.94,26.92,27.25,30.73,10.91,24.02,13.38,63.53
Allahabad,96.7,96.49,99.52,96.81,97.16,77.8,25.39203866,82.05172447,16.57,8.97,29.09,28.82,8.9,20.01,19.94,28.27,75.07
Ambedkar Nagar,76.45,49.66,92.94,59.99,55.89,59.19,26.39119026,82.68282143,30.85,14.87,8.81,8.7,24.33,36.55,14.24,35.06,52.19
Auraiya,90.01,64.8,93.49,95.55,61.48,48.99,26.66892394,79.42637057,12.67,41.61,31.89,25.74,23.48,32.32,26.84,28.48,62.76
Azamgarh,36.0,56.23,99.26,96.99,37.29,5.6,26.00829095,83.01220251,66.82,83.18,87.72,88.1,68.31,71.6,71.17,75.8,64.36
Baghpat,67.76,57.52,94.73,73.72,88.09,76.97,29.0457935,77.302663,40.25,44.99,62.44,56.14,50.25,40.21,49.88,36.4,71.82
Bahraich,70.67,77.48,96.98,80.08,65.34,46.17,27.6917763,81.46779783,77.5,66.09,68.93,63.32,71.6,75.73,68.96,67.51,75.82
Ballia,86.73,85.14,99.78,95.95,95.7,27.05,25.86075638,84.03651979,15.17,34.18,19.58,12.01,34.13,19.82,26.66,32.92,66.36
Balrampur,97.02,94.0,98.63,97.76,54.41,84.91,27.44907654,82.47158326,27.7,14.66,14.99,35.32,16.77,36.06,43.12,13.97,76.16
Banda,64.24,27.19,88.12,44.08,45.89,71.36,25.3518859,80.52487391,20.36,12.66,25.1,18.53,5.59,13.21,19.97,15.36,46.77
Bareilly,49.02,57.65,93.77,53.71,46.0,60.33,28.51101941,79.43187072,35.88,29.38,19.56,41.18,29.48,18.64,42.63,46.31,56.26
Basti,5.01,94.13,99.88,87.94,38.03,26.44,26.83388045,82.69790591,11.38,27.8,21.88,35.34,23.55,27.79,16.14,25.59,48.02
Bijnor,79.96,64.97,93.86,86.79,64.43,65.72,29.31397426,78.45098815,23.06,11.45,22.14,10.53,8.53,18.26,17.54,22.16,60.21
Bulandshahr,59.41,54.6,95.86,65.01,89.74,82.46,28.34875862,78.01082759,24.12,22.52,27.13,31.79,25.16,23.72,37.59,38.22,64.91
Chandauli,21.67,64.7,93.3,89.52,78.24,23.99,25.11808596,83.25307063,25.76,24.47,30.96,47.16,46.16,40.66,39.88,38.7,57.23
Chitrakoot,67.42,11.32,91.08,69.69,35.08,90.61,25.15992462,81.07666088,37.32,34.65,46.28,39.48,40.64,48.28,59.94,48.29,61.06
Deoria,58.94,79.83,98.62,89.44,78.29,60.24,26.42218857,83.82440707,60.84,73.89,60.14,53.96,68.17,75.48,66.91,62.58,77.51
Etah,78.94,77.3,98.6,95.92,73.44,91.23,27.59115531,78.70021858,5.17,8.23,2.01,27.99,8.9,16.58,11.37,25.91,66.23
Etawah,89.95,98.18,99.03,99.58,35.46,96.8,26.7881767,79.07621806,74.09,72.1,80.73,79.26,83.72,71.88,82.34,81.32,89.86
Farrukhabad,57.18,70.43,89.7,88.75,43.74,41.93,27.45063298,79.44062846,65.38,52.53,56.99,71.64,71.53,47.97,51.63,55.3,66.09
Fatehpur,91.98,97.68,98.1,97.66,94.29,97.76,25.8374362,80.85416203,29.02,32.38,29.4,26.98,13.16,34.44,10.8,12.96,75.35
Firozabad,40.82,81.62,82.17,94.89,79.08,69.84,27.20963993,78.42660625,68.08,69.41,88.82,79.92,68.74,69.26,78.19,76.12,79.95
Gautam Buddha Nagar,84.85,68.56,96.89,87.86,82.32,86.94,28.39331104,77.52462468,70.51,78.27,72.21,85.17,77.83,67.24,74.01,82.12,86.68
Ghaziabad,78.64,79.5,96.57,93.11,39.98,83.98,28.74997309,77.67441879,5.88,28.69,22.67,29.54,9.89,23.05,2.48,8.46,59.34
Ghazipur,27.43,63.08,98.85,89.48,43.85,22.53,25.62472478,83.53608546,38.14,43.67,32.8,35.66,39.03,36.63,38.59,41.7,53.63
Gonda,93.55,81.11,98.32,82.78,31.68,64.87,27.15721555,82.0226888,78.9,62.13,84.78,76.09,82.34,69.5,73.42,70.99,79.71
Gorakhpur,60.28,74.0,98.93,87.4,70.72,66.73,26.63315887,83.35495604,53.71,77.27,59.56,56.99,73.37,65.49,67.06,61.94,76.44
Hamirpur,66.38,67.04,94.59,79.97,3.08,73.13,31.67668481,76.49767089,40.72,24.79,32.45,25.62,37.01,35.79,41.81,13.44,58.57
Hamirpur,66.38,67.04,94.59,79.97,3.08,73.13,25.73815838,79.8261948,15.05,27.37,32.08,35.01,25.55,19.34,31.17,19.38,55.5
Hardoi,97.91,97.24,89.4,99.24,95.94,61.24,27.33740909,80.26411768,55.54,35.07,37.57,39.11,56.19,53.36,37.91,41.65,79.03
Hathras,75.91,51.21,95.36,90.43,70.0,88.76,27.57814661,78.18251084,70.31,65.3,63.69,52.38,54.21,55.95,61.35,47.22,77.26
Jalaun,77.67,75.09,99.18,91.31,89.15,75.84,26.06795459,79.36686911,47.26,39.61,48.0,31.87,45.7,39.06,52.33,38.06,77.21
Jaunpur,62.81,72.25,97.19,93.33,14.89,15.34,25.70141281,82.54315352,56.81,44.62,41.59,37.89,40.06,39.63,50.27,40.1,58.55
Jhansi,86.45,77.07,98.5,90.78,86.83,85.81,25.45581535,78.89954581,63.22,74.89,73.02,65.31,54.94,75.67,75.6,52.52,87.64
Kannauj,79.27,75.05,97.45,97.36,67.64,62.19,26.99398862,79.6443794,26.17,23.52,12.61,28.34,31.46,16.62,12.12,9.31,63.11
Kanpur Dehat,81.95,78.3,98.48,99.3,86.19,39.97,26.43047641,79.98710083,19.07,20.36,38.58,31.63,21.21,26.35,19.26,32.12,65.49
Kaushambi,70.33,85.63,94.62,90.26,82.52,89.54,25.53587532,81.41811282,60.88,58.18,44.33,56.51,59.89,48.73,62.86,48.13,82.24
Lalitpur,68.78,94.58,99.09,90.12,96.72,47.78,24.58877161,78.60082331,47.15,31.96,34.03,50.66,57.45,32.27,60.98,37.47,78.58
Lucknow,94.44,97.53,99.81,98.8,63.52,90.08,26.83823359,80.89706027,59.74,37.87,53.08,61.17,45.75,43.08,44.88,43.25,82.45
Maharajganj,67.11,94.09,95.42,97.67,62.74,78.21,27.17709911,83.46127857,18.39,23.52,23.8,23.56,30.15,28.65,26.58,28.69,67.81
Mahoba,34.98,10.29,70.66,47.68,21.93,72.08,25.3452967,79.67863003,19.68,24.84,43.68,38.64,36.82,24.44,45.82,40.1,43.59
Mainpuri,64.64,60.78,85.73,87.58,77.15,89.38,27.17386862,79.03501851,33.36,32.38,25.8,33.18,38.22,25.49,56.06,30.67,71.68
Mathura,63.72,47.12,92.39,87.82,98.06,65.55,27.59390433,77.62153417,4.6,26.74,10.88,28.1,12.72,27.87,13.14,20.24,59.26
Mau,85.82,81.15,99.77,86.42,91.53,1.1,26.01082204,83.50582654,48.75,28.38,31.89,40.76,31.69,47.61,31.62,20.82,65.35
Meerut,75.15,74.1,98.81,87.52,86.52,78.47,29.02957626,77.80611006,20.4,20.89,13.69,22.93,30.89,36.42,29.9,25.16,69.15
Mirzapur,81.62,82.99,99.52,98.12,4.96,98.85,25.10207959,82.60126629,52.38,44.83,25.58,29.71,48.23,27.07,43.58,44.86,69.94
Moradabad,79.4,75.88,95.16,83.48,59.86,64.86,28.85177041,78.73580193,17.38,19.73,19.34,12.04,12.95,10.49,15.16,15.95,59.84
Muzaffarnagar,75.31,94.04,99.73,92.96,94.28,58.05,29.47050798,77.64017848,68.76,86.97,78.81,84.21,91.86,64.86,86.76,79.6,90.27
Pilibhit,44.38,81.54,98.32,76.97,68.63,50.82,28.52024175,79.90103974,65.99,42.62,54.07,47.61,62.6,63.62,43.21,46.57,66.51
Pratapgarh,92.23,88.9,99.64,92.51,82.02,90.54,25.86484273,81.93530049,68.16,62.24,64.38,65.63,73.0,76.17,49.46,69.65,84.87
Rae Bareli,95.77,94.34,99.64,88.57,99.75,8.57,26.25390284,81.22260463,71.19,56.07,74.54,63.36,72.72,68.74,68.22,56.16,81.55
Rampur,74.4,68.39,92.82,73.96,53.34,70.62,28.83244727,79.10977333,51.77,35.5,34.6,54.48,58.49,37.98,45.69,59.85,67.98
Saharanpur,74.5,85.58,99.09,70.28,86.05,64.47,30.03381165,77.59905148,26.86,31.7,18.51,29.12,4.81,20.27,14.06,9.1,63.69
Shahjahanpur,55.22,57.88,96.56,55.5,50.23,53.42,27.99138935,79.83022753,82.81,64.72,73.9,57.76,79.9,71.46,58.87,73.93,65.26
Shravasti,90.08,50.14,98.58,87.59,68.18,81.96,27.60491788,81.79319777,13.68,34.49,31.27,28.48,16.4,10.76,37.85,34.26,67.89
Siddharth Nagar,12.05,81.56,99.7,65.39,27.38,15.78,27.20738484,82.78664992,40.0,18.35,42.78,29.59,25.18,19.78,31.63,21.36,46.34
Sitapur,85.04,90.44,98.29,85.69,88.08,84.12,27.50199596,80.85288881,26.89,44.46,40.72,37.4,48.18,55.23,38.55,28.8,76.57
Sonbhadra,79.57,93.7,99.98,99.42,17.56,99.41,24.46693269,83.06816325,46.22,74.79,75.95,45.59,52.87,52.2,63.63,59.42,78.62
Sultanpur,91.88,74.31,94.52,88.47,29.78,67.77,26.28463864,82.05710457,47.8,56.54,43.6,47.21,66.42,41.2,70.89,41.01,74.55
Unnao,95.81,91.8,99.51,95.58,95.5,97.54,26.63163991,80.63677329,38.51,52.53,24.31,24.44,27.12,29.83,31.63,28.8,79.94
Varanasi,47.66,81.62,98.81,88.37,45.84,32.82,25.36057089,82.82529667,97.08,71.26,94.64,97.0,73.74,70.95,92.12,98.55,78.79
Almora,97.83,92.94,72.42,96.45,88.71,96.15,29.68353213,79.50165064,64.94,54.64,67.67,49.27,72.49,54.2,65.05,71.63,86.82
Bageshwar,97.15,98.95,99.49,97.34,95.83,87.87,29.98703393,79.83954354,38.55,22.42,18.78,32.08,36.18,40.15,34.37,25.75,81.03
Chamoli,91.27,91.89,96.74,68.22,66.05,92.15,30.58338611,79.56281096,18.82,27.27,13.34,5.99,31.69,16.03,8.0,32.92,64.07
Champawat,94.31,95.0,95.04,96.27,84.74,74.11,29.29142394,80.07720212,20.07,38.92,9.3,29.32,19.18,22.94,30.32,24.84,74.27
Haridwar,69.09,77.4,89.02,82.81,30.5,61.36,29.88605766,77.92980068,40.58,29.17,33.7,37.11,28.13,25.51,28.36,30.3,59.54
Pauri Garhwal,87.5,85.84,87.34,85.26,85.07,91.55,29.97806755,78.77450163,45.9,35.6,29.49,28.35,39.93,45.61,25.41,48.45,72.81
Pithoragarh,86.34,95.78,95.75,92.68,50.69,79.32,30.14720632,80.34229231,28.8,24.16,21.98,38.13,28.47,10.98,37.03,17.56,71.85
Rudra Prayag,89.96,81.21,97.7,68.18,69.07,93.96,30.55657756,79.09422047,77.18,93.57,63.78,94.08,76.61,87.32,64.96,83.46,84.72
Tehri Garhwal,88.33,89.76,94.81,87.5,75.0,54.3,30.46370092,78.48783793,26.56,21.84,12.83,28.95,12.4,18.18,30.21,4.07,68.24
Birbhum,93.95,100.0,98.63,97.06,78.52,22.07,24.06389343,87.65153089,19.45,12.08,6.48,7.62,13.39,29.58,36.02,29.87,68.02
Maldah,98.56,93.78,97.61,68.6,81.34,44.98,25.08026803,88.17191685,87.26,95.09,93.79,99.49,91.79,85.17,75.66,83.73,86.31
Murshidabad,96.36,99.59,100.0,94.31,87.85,36.84,24.25950655,88.1681686,89.63,78.32,86.02,70.89,67.8,91.68,72.66,69.49,87.63
Nadia,86.96,97.83,100.0,77.17,71.74,22.83,23.56410971,88.58293035,64.29,73.58,72.28,80.5,59.34,83.99,77.66,61.3,80.52
