District,Latitude,Longitude,Zn,Fe,Cu,Mn,B,S,As,Hg,Se,Co,Mo,Sb,V,Tl,Pb
Ajmer,25.112007276996604,77.78784075817764,22.607607325326473,76.48909475032559,191.29227155802056,138.00003258591133,93.83952998423845,31.89150904790006,141.61821976906114,144.20651482654802,88.79656133250108,25.18922278947271,169.55318152028346,163.26260778445803,106.11321705336172,7.680486616273807,121.68832380953376
Udaipur,24.39909443129731,74.18694422044048,120.19684835247911,189.19935254878962,36.94323836164018,46.79735682801392,161.07523619322407,125.65729769689733,199.9754324902175,195.93174751547912,148.385819063012,12.543280556825742,44.48286202443552,11.15320602518226,81.77206899300937,108.79249461897862,57.678953608053995
Ajmer,26.82296012679116,78.36853900460005,27.87207505127327,167.3134463790137,119.06871915196588,75.99931422014599,123.13232639326446,190.78591229241934,4.0233906719930435,133.97283268448962,38.66078610179178,90.0706410760006,101.89931181378643,193.7753016875633,156.65616817054973,57.43860115198682,81.39742232641673
Jaipur,24.840148559677253,76.64987069348557,43.24444316367775,86.9329944864232,28.89713216770289,40.77893358828541,59.018391918567325,4.080449253645191,2.258808011044877,179.87491856813546,140.30322249366523,160.06071534956564,141.74146163153296,126.76578117142843,131.78757100176412,138.52378552063936,82.39492536311165
Jodhpur,26.901878176162768,78.3367082715616,44.13869510228221,123.25280132719254,174.21550401186573,46.91933294891037,103.51839611495592,12.912229698132638,55.181923559606275,91.25266751714096,118.44362276759477,5.172308743856546,185.6538549004875,57.19434780754895,10.409722107918618,25.132787384725887,81.93574081887694
Kota,26.185227086242413,76.98220027451131,36.979597827641776,176.3831310831063,126.504547932014,114.61687436131862,54.11514734740488,33.86566721784898,103.51393838179361,137.3863803636722,74.93585204213396,146.07777929874518,154.99200331450487,188.175626893761,175.31619813959986,75.58525676791719,123.87126966228585
Jaipur,24.334217193779903,75.11696296604686,163.27159797754368,72.54445570858437,109.20357308424971,153.99789051971794,153.34043511922204,83.24790188398927,76.57365163433687,75.6867096550914,96.93495170056552,192.46504900284265,72.75193844949403,183.25571287915284,176.15264532238464,44.62260321300451,124.46415154916515
Kota,24.432824615963753,73.57506849016494,37.699711190883335,6.578552854302466,98.19738368944154,7.059582697015898,171.71235483713144,86.38292983498272,1.5539624333628543,12.034526409183544,188.64871362534507,182.6318080668591,106.58320081940951,174.6468145672556,59.12317986435689,124.58985217432641,130.62043599608168
Jaipur,26.330147496875085,75.86886100758727,48.62593604337919,58.181407883122404,163.9698701878861,135.53102892949852,1.333116309047333,124.95910485710091,119.9854154418618,178.67296275770374,79.82128644211473,32.46962463846772,69.62817124128165,48.33044440726364,175.538854638446,80.33179597013805,114.77351178862749
Jaipur,24.222801481351752,76.60640493069977,156.67614498987993,46.83306783786245,71.09620764750875,11.269030713697115,50.47214981371517,74.93587200699668,154.10572116355272,132.50633612841568,187.3653213489459,12.120352235545596,181.23758243220223,32.63325259155505,152.55877367885648,63.11904034704947,8.147070975629056
Udaipur,25.43103183115526,77.46261696850897,179.7520873394886,122.93661231280196,142.7156728446697,156.5796281841833,82.73134302970408,134.4163799315276,179.1849309089842,27.891551185887643,132.92623244791113,29.42301987753431,184.21636331885395,179.594974831471,73.64534293521177,147.15478780078453,147.0344153508514
Jodhpur,25.653827084836358,78.16923196473144,148.30577123849304,34.89352778488994,78.12544570842319,153.0853939850294,53.72192900369217,102.51780872216192,192.56163340979043,24.30879173111031,3.626978700284389,20.956194809952144,149.32978568388955,193.3048318140116,170.79647954995198,34.771483536133395,157.0406885180955
Jaipur,26.997499279621074,77.76340682207353,197.18844004824038,95.71400758066433,152.22572489809212,30.221366574377416,83.09890725762044,149.78476253200407,81.10743161401308,33.033768368559755,1.1750497809378535,9.422913567752534,42.409746992027934,139.7148749816691,145.95834452336115,26.22915151571035,14.143388084724418
Kota,27.11642286115657,76.37368583491742,135.75176221500246,83.86209532017952,154.92587222568866,69.80552037407111,28.17743264884818,191.49162807256593,32.57385553691754,64.40516667463126,18.453910207483858,6.788253267831323,130.74246771945383,3.3293395713406726,192.2955730916259,176.12491502253985,37.12676564476698
Ajmer,24.33664913823521,75.71092975227972,116.0905423395973,60.39220223645665,147.75631201460152,151.03949368415266,74.90173478789369,142.02928857802425,164.73247216386696,28.57888073681427,10.783681603931171,41.98999551998364,50.26245453127771,169.947853129878,195.40414755183764,69.64028979873471,172.81164870892118
Ajmer,24.90144164549992,73.9212485082965,152.52952367753866,190.18249744357942,159.33026625476643,7.1871116895482645,166.00514459698348,51.722339744044945,194.82903741091968,37.967283473738874,142.02731089713302,151.64419778984208,173.90321650360139,79.64364668039283,148.56115208444226,36.42659125462313,47.85047746181574
Kota,24.112102369041416,74.3073095437671,82.64370975264852,66.4294166712591,18.604738188472236,176.12611096049505,191.5487736952081,49.36486276012513,172.50190578708185,68.1255761187699,38.25366931240281,11.252746054250306,150.4422791178353,77.55875525447482,37.81089631661354,8.859361500451413,115.239386362323
Jaipur,26.87055870232969,74.56226289521354,9.616263490546428,171.9016049205799,89.34952670399763,57.673585297879114,176.28014234854538,103.53122997327927,19.244155782994167,151.8583471126963,89.44710246950052,49.46559049866694,22.822722000188644,143.23277202403344,6.903987623757946,143.2472813743579,42.421396847251614
Kota,23.5884500002905,75.27445784248616,67.47746639920705,59.7801215180795,68.2677295488086,30.019121606928678,54.22498881722733,104.86335045638259,63.81918782481202,137.12352243040826,97.38836889753757,10.980940393337345,20.574599580537534,73.30502862157364,70.12570065651178,176.317602939232,47.30615682119339
Kota,23.65936032856049,77.48766680420982,135.76977637141215,114.69706796501012,29.6853708113471,14.296666421371462,196.75861648656758,18.717231204679962,170.04009674602474,133.6735411517148,173.50307610838908,25.44298770126472,165.62589094581537,39.838014846591264,163.85420858532387,195.29698788775724,76.91893329777002
Jaipur,25.620795246594593,77.78805679048483,115.2165684636383,28.237398835437034,43.42121406577289,95.41539986729086,74.83893923434354,168.79696838699832,165.0928671692973,54.588539696761586,15.940033427262247,115.60963433536764,145.03953192895312,75.4952242497946,187.07656983003312,131.06471094313855,187.81824406628945
Jodhpur,24.13320943737716,78.19539773222546,53.261451863531505,40.97573251667308,58.928647689676275,37.072572828681125,2.14990586222763,82.94274236541939,75.23418067127051,47.34677339681195,104.43981183043296,119.0340019754524,50.91465774066008,198.09546513958114,189.86563437455422,179.7309638086052,88.16765149913101
Jaipur,23.910873947358596,76.03764057912103,99.31703321262839,116.62539056402166,51.16129622450083,99.44963208082962,181.16173456131207,121.04269772112937,168.41094833441178,82.35214113549137,17.50879889918282,24.497908702834014,6.092853855048186,166.4341457299016,25.158231159524046,118.58388001883979,40.865067196733726
Kota,26.8800190541319,74.31141485519751,13.075639394924021,28.858487108474918,158.42047426761582,20.134113164210188,160.6634253561126,53.55916483927059,101.56074756957685,195.21373971943677,128.82167204148908,27.164545884213332,171.5325698657831,79.66927032188653,158.57986258802353,136.924724062708,176.0495538259759
Jaipur,24.508525940691847,75.66965956480396,144.11426940689955,47.096397960008574,150.9991020084544,35.02254666667493,94.84181845602397,190.91840280776293,125.51246925070352,118.33581131695192,53.69937603245462,182.78155525784388,71.17998220450399,122.06592091202846,136.15833567757556,149.1466286564859,165.9534975062928
Jodhpur,26.361056680857722,76.80380563949464,97.57474969916242,46.687900102025324,83.79656195573344,84.47860784794628,119.89820951201004,122.36717036989843,54.386798829609376,127.40039890405058,140.72680815940544,2.631373361834566,53.19053053148266,122.4815422770453,142.5488408778986,188.45835254614445,47.70353009064286
Ajmer,23.680366535267105,75.32757998741359,0.5580330658564447,166.9901215567411,54.90130517857488,153.96405481773877,135.91215630159698,75.5843422435322,52.159451707277206,20.876595069590785,37.366608243245246,149.46841182414096,116.51204735506349,153.38346870174553,18.686572014227607,93.08168930825535,152.54247549389993
Jodhpur,23.836149077445263,78.31706711105092,109.3695586411433,83.34299788164029,13.296460961604106,105.90889557389345,10.151593333068831,94.03050712192409,91.08470659689945,87.58299329726815,86.32295462430176,110.14258061876119,28.259475669120548,174.73032314592498,166.18573381599614,8.302379539299775,199.72999413046895
Kota,27.07505112766809,74.83155323640966,10.559188274540677,70.2860468198065,16.093570014055338,37.43449042556533,5.718403095537994,197.08923099421938,158.18801231922896,143.23193198206857,170.5837271400891,81.44499517382269,0.3813901990223689,92.80617753858371,4.926188793784703,54.55362163664616,145.54827568987034
Jaipur,26.55658738713683,76.3337374148146,146.22936285034888,28.553973493732123,67.9925371700068,12.012608425353722,177.01585595842607,115.79251673888511,84.13705266276324,17.904502021450753,4.219024646677494,103.22669540395204,157.5642231714491,115.92566207187645,12.233567768126608,182.88560906204566,79.98681260411185
Udaipur,26.726487490304596,76.61052151568212,65.81511340836654,7.620654014248829,170.70210994255882,85.50160824013994,78.92459935824563,149.19011794575226,60.21352626167618,100.81437521413794,178.79207217964236,171.06453318412926,56.93425499094565,150.28386887012084,45.375548817325125,95.14000405129109,185.93863754280125
Udaipur,24.077342082545726,74.53239925507692,3.9497898164186696,90.85450322023667,6.714417271791828,110.000880039521,133.1215372476603,95.54867352064191,113.9905114205803,158.60286177445442,69.53807927976223,56.500729840969676,117.45126558195452,108.70322503731416,152.09316598144454,2.892244711599634,135.35303281592442
Ajmer,27.480824743909647,75.47431049039056,33.07946607239711,176.98633446882192,18.828811259145194,67.23295453511764,188.56555846367084,145.66798473887826,145.31210918746103,63.70016996979686,72.74604452748228,65.5668911951927,37.80997154688441,176.2903835895253,87.41568542959727,127.72535035649786,160.81667555898247
Jaipur,24.55598428499111,77.11746830528574,66.84988737561044,6.91734268634947,23.166811272852406,112.67819946063153,64.15991833197019,85.76966917392382,159.5934405851836,65.12655157266336,0.6490867665673639,45.43692264168242,38.629564970976226,192.90848511966857,97.40666627454986,98.95845385515759,105.3563885208056
Jodhpur,26.062738036382846,76.90082949924083,92.36249399113383,34.43737091128845,143.63013535038888,197.12167048841417,80.13582022258159,70.55602650931809,131.7484374998673,160.61043957794809,9.5263129749529,42.93019969161407,173.63607148203556,39.17851334148652,176.58318420230435,101.86062857697968,188.87147205375487
Jodhpur,24.861556872025666,76.23106071085596,156.71302249217186,103.10582846490159,42.79623690653982,151.11247978819728,87.22389324605946,148.70068478859878,126.13772166844213,162.51697994431927,111.55454200694268,82.58062789258156,176.9922914545911,177.72546989669772,1.0481397105200685,185.79676631561583,183.94230855141535
Jaipur,26.472690663464206,76.31495119467412,111.5051184395593,29.26129412747216,77.05491640947162,193.44289219327095,22.769425150339863,188.72147690809442,117.29549245408751,47.39089532683678,101.093941943877,21.55634147437848,126.62454237120811,59.541235257543605,118.78586612791946,28.038596960875427,96.92258514972845
Jodhpur,25.302033845337462,76.05537720926287,45.24226742815094,91.47783202730093,30.765751159727884,117.34442023313693,133.0543049752801,40.28863074446119,21.841470437767853,79.03030295149588,124.10249366469152,89.63000016547488,166.0588814522624,82.37478770439026,164.01883473354465,25.137431012140034,97.63413750777342
Ajmer,26.07963540435673,76.10531756367557,28.145939718060987,174.1874500716014,164.1707983359242,132.0120880766196,162.31976707413125,54.67445760216554,41.50307829153319,32.32094643433905,87.85112895623936,50.889020208907176,159.9068734314725,7.574556536205046,181.79151371158736,127.1295192634845,8.139951885848951
Udaipur,26.50160983378715,74.8801961524777,112.38726593883706,82.75179353651146,137.81246992127558,117.31918973644522,73.73167406506278,19.3091690027291,122.47489078320555,158.5313303653985,164.9768319233748,157.7204398271986,56.307963452941244,41.63424992506617,74.62442523237681,132.7514139544205,51.996623968042364
Kota,24.79912855471719,75.45481728899011,90.24571181336516,126.56403070938482,100.79479423278777,27.35086217005427,112.69261128053185,149.03233088964743,51.65292867199523,13.348331574799687,58.288307309560516,6.40272665884043,91.03037707227159,93.92400830587704,51.33274981564095,5.1894953116171205,53.82937883888186
Udaipur,26.088429505826976,73.85928739597837,84.63435869051035,191.38465830206437,58.39723770398668,97.99116300128394,141.90355596446847,37.39910571127947,156.64177035582705,134.21745607241246,154.10449879212123,195.8448743542229,159.79017866195178,115.19641152750053,138.5449151910072,167.57742436027792,58.20827363795227
Kota,24.85708323789443,74.3165127478778,68.15327596762266,55.99884252775291,188.39665565951427,132.9126384466663,137.4647196014624,194.0772929615758,192.6598018911181,9.573971582636576,165.47123847797621,141.87158902050595,173.28377669058233,5.352178705483834,17.845097069354644,65.195665452802,167.4755029633471
Ajmer,26.49293181161444,75.9271293280225,119.82695937085899,189.38160883491327,42.56919164594342,9.809500055400155,22.23741897909244,9.478426465474099,31.275302875601053,188.07790920005297,36.51085489060046,120.53550610042419,33.12535872858937,58.04029269284852,157.15672926579606,90.74452746239967,131.60537250069976
Kota,25.727297313522946,75.79384762899542,180.72853762679213,1.1831800055828623,85.38598225392442,28.596273624616252,94.47619149827786,100.03091821843037,187.75601818418235,90.98355244455338,145.8344288103397,163.74117121022763,126.1999893628851,27.53444788960884,4.741478017535439,24.90574118594935,84.15673776734948
Kota,25.295364332570955,77.41085613542634,8.333723012521155,119.4428896362781,147.84225876527114,28.31969126441054,175.05719952731513,144.7464716880575,92.16302985613606,84.63675146194636,45.10101925124346,85.5261560853787,197.40545264771922,73.63818531803703,114.4014607786755,188.1704121206431,73.21338328370781
Ajmer,24.727763807508275,73.84154523231064,74.68218345838,159.37040460871376,15.81072784935973,82.03405128619792,142.63931242095907,167.78496250694062,70.5230111802055,150.4889977747679,125.88971627775283,16.149113951075122,165.69516771190098,90.81978789106087,27.770663079901393,159.95428468765206,103.84618755044295
Ajmer,27.29376984407625,77.96139767485639,14.295250488448064,132.386747954494,55.83508039538552,153.71103656288895,193.64188542655802,74.4259788429591,60.872181752461344,59.96825850395366,74.67276570348496,13.072154558910864,105.12808684593848,192.00879448538842,45.841896300537584,165.76879918863722,115.52438399152818
Udaipur,23.638920910453404,77.13439877731399,191.78077562988955,117.95196253759516,167.79305605046494,23.211626539349073,147.94844608992173,172.1909564135997,0.8179363034746645,35.31736005360979,65.02059023034444,43.34622407748423,185.0971350176364,19.25937856279716,4.962866308278402,25.45323300329896,62.984454341483676
Kota,26.30595586179383,76.81454790859428,13.10566138244944,3.4163455764647965,37.77497880653695,166.52773934622383,47.29683507060183,176.7707872696145,188.9109070395327,195.50798790227867,18.758620062682006,191.84821220265204,92.64395009456028,116.16822448810353,101.19859308943082,154.12155395432612,64.75767688854714
